ID_Candidato,Nombre,Biografia,Tiene_Renuncia,Observaciones
COSTANTINO SERGIO,"COSTANTINO, SERGIO",EN CONSTRUCCION,NO,
CULOTTA MARCELO,"CULOTTA, MARCELO",,NO,
AGOTE MANUEL,"AGOTE, MANUEL",,NO,
CESAR FRANCIS,"FRANCIS, CESAR",,NO,
NICOLAS PAPASSO,"PAPASSO, NICOLAS",,NO,
CIPRIANO POMMIES,"POMMIES, CIPRIANO",,NO,
CAMPOS JUAN MANUEL,"CAMPOS, JUAN MANUEL",,NO,
BITTA DELLA LEONARDO,"DELLA BITTA, LEONARDO",,NO,
DANIEL DE FLORIAN,"DE FLORIAN, DANIEL",,NO,
ANGEL GRAS,"GRAS, ANGEL",,NO,
EZEQUIEL SABOR,"SABOR, EZEQUIEL",,NO,
BAUTISTA CASTAGNA JUAN,"CASTAGNA, JUAN BAUTISTA",,NO,
LUCIA ROJAS,"ROJAS, LUCIA",,NO,
FERRERA JORGE OMAR,"FERRERA, JORGE OMAR",,NO,
MATIAS NOVAL,"NOVAL, MATIAS",,NO,
DIEGO MEJUTO,"MEJUTO, DIEGO",,NO,
ARIEL DEAN,"DEAN, ARIEL",,NO,
WALTER WEIMANN,"WEIMANN, WALTER",,NO,
FERNANDO MARCELO MEIS,"MEIS, MARCELO FERNANDO",,NO,
FARINA GONZALO,"FARIÑA, GONZALO",,NO,
CARTA MOGLIETTA VALERIA,"CARTA MOGLIETTA, VALERIA",,NO,
ANA BOZZANO,"BOZZANO, ANA",,NO,
ALFREDO ALONSO,"ALONSO, ALFREDO",,NO,
AGUSTINA NORDENSTROM,"NORDENSTROM, AGUSTINA",,NO,
DAVID VIVIANA,"DAVID, VIVIANA",,NO,
ARIEL MARTIN SAIZ,"SAIZ, MARTIN ARIEL",,NO,
ETMAN HERNAN WALTER,"ETMAN, HERNAN WALTER",,NO,
CURUTCHET ERNESTO JUAN,"CURUTCHET, JUAN ERNESTO",,NO,
CARUSO DANIEL JONATHAN,"CARUSO, JONATHAN DANIEL",,NO,
ANCAROLA GONZALO,"ANCAROLA, GONZALO",,NO,
BOUZAS RODRIGO,"BOUZAS, RODRIGO",,NO,
CAMPOS GONZALO,"CAMPOS, GONZALO",,NO,
FLORENCIA RESTUCCI,"RESTUCCI, FLORENCIA",,NO,
BLANCO FERNANDO MUINO,"BLANCO MUIÑO, FERNANDO",,NO,
ALESSANDRIA CLAUDIA,"ALESSANDRIA, CLAUDIA",,NO,
ARIEL SCHALE,"SCHALE, ARIEL",,NO,
CRISCOLO PEDRO,"CRÍSCOLO, PEDRO",,NO,
FERNANDO FISCHER,"FISCHER, FERNANDO",,NO,
ALVAREZ JONATHAN,"ALVAREZ, JONATHAN",,NO,
ANGEL MIGUEL SAVINO,"SAVINO, MIGUEL ANGEL",,NO,
CAPRIA JOSE,"CAPRIA, JOSE",,NO,
ALEJANDRO MORERIA OSCAR,"MORERIA, ALEJANDRO OSCAR",,NO,
FRANCO ZUCCOLO,"ZUCCOLO, FRANCO",,NO,
CHAVARRIA FACUNDO,"CHAVARRIA, FACUNDO",,NO,
CARLOS PERASSI,"PERASSI, CARLOS",,NO,
KARINA LEFEVRE,"LEFEVRE, KARINA",,NO,
CLAUDIA COSTA DA DIAZ,"DA COSTA DIAZ, CLAUDIA",,NO,
AREVALO DEL SABRINA VALLE,"AREVALO DEL VALLE, SABRINA",,NO,
MONICA NARVAEZ,"NARVAEZ, MONICA",,NO,
BURGIN MARIELA,"BURGIN, MARIELA",,NO,
ARMANDO MUZOGLU,"MUZOGLU, ARMANDO",,NO,
DANIEL ROTELLA,"ROTELLA, DANIEL",,NO,
EDUARDO RODRIGUEZ,"RODRIGUEZ, EDUARDO",,NO,
FELIPE LOZANO,"LOZANO, FELIPE",,NO,
AGOSTINO DANIEL,"AGOSTINO, DANIEL",,NO,
ENRIQUE RONZONI,"RONZONI, ENRIQUE",,NO,
FERREIRA MAXIMILIANO,"FERREIRA, MAXIMILIANO",,NO,
FERRO NICOLAS,"FERRO, NICOLAS",,NO,
ERTOLA PATRICIO,"ERTOLA, PATRICIO",,NO,
LEANDRO VIDAL,"VIDAL, LEANDRO",,NO,
GARAY GERMAN,"GARAY, GERMAN",,NO,
MAIDANA NOELIA SILVANA,"MAIDANA, SILVANA NOELIA",,NO,
PABLO RODRIGUEZ,"RODRIGUEZ, PABLO",,NO,
BARROS LEONARDO,"BARROS, LEONARDO",,NO,
DANIEL REIMUNDES,"REIMUNDES, DANIEL",,NO,
FRAIMAN NICOLAS SERGIO,"FRAIMAN, SERGIO NICOLAS",,NO,
LUCAS RAJOY,"RAJOY, LUCAS",,NO,
LORENZO NATALICCHIO,"NATALICCHIO, LORENZO",,NO,
DARIO DORSI RUBEN,"DORSI, RUBEN DARIO",,NO,
LEONARDO PRESTINI,"PRESTINI, LEONARDO",,NO,
HERMIDA SANCHEZ VANESA,"SANCHEZ HERMIDA, VANESA",,NO,
GUILLERMO MANGONE,"MANGONE, GUILLERMO",,NO,
ALEJANDRO GIONGO,"GIONGO, ALEJANDRO",,NO,
MARIEL RASCOVAN,"RASCOVAN, MARIEL",,NO,
FRANCISCO SAVOINI,"SAVOINI, FRANCISCO",,NO,
BOUZAS MARCELO,"BOUZAS, MARCELO",,NO,
CORDASCO GONZALEZ TOMAS,"GONZALEZ CORDASCO, TOMAS",,NO,
CLAUDIO DIOTALLEVI,"DIOTALLEVI, CLAUDIO",,NO,
ARAUJO NELSON OMAR,"ARAUJO, NELSON OMAR",,NO,
DARIO POUSTIS RUBEN,"POUSTIS, RUBEN DARIO",,NO,
CASOLA FERNANDO,"FERNANDO, CASOLA",,NO,
DIEGO ESPINOSA GODOY,"ESPINOSA GODOY, DIEGO",,NO,
CASTILLO MARCELO,"CASTILLO, MARCELO",,NO,
BARBARA DEL RIO,"DEL RIO, BARBARA",,NO,
ANGEL CALELLO MIGUEL,"CALELLO, MIGUEL ANGEL",,NO,
GONZALO PERALTA,"PERALTA, GONZALO",,NO,
ACHILLE MARIANO,"ACHILLE, MARIANO",,NO,
NATALY NOVILLO,"NOVILLO, NATALY",,NO,
AMILCAR CARESTIA ESTEBAN,"CARESTIA, ESTEBAN AMILCAR",,NO,
FEDERICO SCIGLIANO,"SCIGLIANO, FEDERICO",,NO,
MANSILLA MARLENE,"MANSILLA, MARLENE",,NO,
MARIANA VILASECO,"VILASECO, MARIANA",,NO,
ACIERNO JUAN PABLO,"ACIERNO, JUAN PABLO",,NO,
ALEJANDRO PAGLIA,"PAGLIA, ALEJANDRO",,NO,
GISELA RIOS,"RIOS, GISELA",,NO,
DAFNE KWIST,"KWIST, DAFNE",,NO,
FERNANDEZ GUSTAVO QUIROZ,"FERNANDEZ QUIROZ, GUSTAVO",,NO,
DELAMER JULIAN,"DELAMER, JULIAN",,NO,
FULCO GUSTAVO RAMOS,"FULCO RAMOS, GUSTAVO",,NO,
JUAN MANUEL VIDAL,"VIDAL, JUAN MANUEL",,NO,
LAMMENS MATIAS,"LAMMENS, MATIAS","Abogado. Comenzó su carrera política en 2010 en la lista de ""Nuevo San Lorenzo"" que terminó quinta en esas elecciones. Sorpresivamente fue elegido presidente transitorio en Agosto de 2012 y durando así hasta 2019. Duante sus años como presidente, se logró un torneo local y la Copa Libertadores, Sin embargo, sus últimos años estuvieron envueltos en una ausencia por motivos políticos, ademas de aumentar el pasivo, decisiones equivocadas en lo deportivo.y malas decisiones en las gestiones de la vuelta a Boedo En 2019 fue elegido Ministro de Turismo en Nación por lo que su rol en el club fue cada vez menor. En 2023 renuncia a su vocalía. Intentaría regresar al club en la asamblea transitoria en diciembre de 2025. terminando en segundo lugar",SI,Renuncia / Fin de mandato anticipado
ALEJANDRO CAMBAS,"CAMBAS, ALEJANDRO",,NO,
MIGUEL PAREJA SEBASTIAN,"PAREJA, SEBASTIAN MIGUEL",,NO,
FERRONATO JORGE,"FERRONATO, JORGE",,NO,
MARCELO PABLO VAZQUEZ,"VAZQUEZ, MARCELO PABLO",,NO,
ALEJANDRO SEGURA,"SEGURA, ALEJANDRO",,NO,
MASTROSIMONE MIGUEL,"MASTROSIMONE, MIGUEL",,NO,
CLAUDIO LANTARON,"LANTARON, CLAUDIO",,NO,
ARIEL CHRISTIAN EVANGELISTA,"EVANGELISTA, CHRISTIAN ARIEL",,NO,
DIAZ JUAN MANUEL,"DIAZ, JUAN MANUEL",,NO,
GUILLERMO ZUCCOLO,"ZUCCOLO, GUILLERMO",,NO,
BELLOMO ESTEBAN,"BELLOMO, ESTEBAN",,NO,
ALEJANDRO ROO,"ROO, ALEJANDRO",,NO,
ANGEL CIANNI MIGUEL,"CIANNI, MIGUEL ANGEL",,NO,
BLANCO INES MARIA MUINO,"MUIÑO, MARIA INES BLANCO",,NO,
MATIAS MUNIZ,"MUÑIZ, MATIAS",,NO,
ANTONELLA CARUSO SOFIA,"CARUSO, ANTONELLA SOFIA",,NO,
CARREIRA IGNACIO,"CARREIRA, IGNACIO",,NO,
CARUSO JONATHAN,"CARUSO, JONATHAN",,NO,
MORALES ULISES,"MORALES, ULISES",,NO,
FERNANDO MANUEL SUAREZ,"SUAREZ, FERNANDO MANUEL",,NO,
ARRIOLA PABLO RODRIGUEZ,"ARRIOLA, PABLO RODRIGUEZ",,NO,
FERNANDEZ GALIANA GUSTAVO,"GALIANA, GUSTAVO FERNANDEZ",,NO,
CATALDI SEBASTIAN,"CATALDI, SEBASTIAN",,NO,
CASTRO DIEGO FERNANDEZ JUAN,"CASTRO, JUAN DIEGO FERNANDEZ",,NO,
FLORENCIA GABRIEL VICTORIA,"GABRIEL, VICTORIA FLORENCIA",,NO,
DIEGO MOREIRA,"MOREIRA, DIEGO",,NO,
BARRIOS MALENA,"BARRIOS, MALENA",,NO,
AXEL SCHALE,"SCHALE, AXEL",,NO,
BARROS ESTRADA MATEO,"BARROS, MATEO ESTRADA",,NO,
JOSE MOSQUERA PABLO RIVA,"MOSQUERA, PABLO JOSE RIVA",,NO,
DIEGO JUAN LOPEZ,"LOPEZ, JUAN DIEGO",,NO,
DANTE GUTIERREZ MONACO,"MONACO, DANTE GUTIERREZ",,NO,
MAYRA TUBIO,"TUBIO, MAYRA",,NO,
JONATHAN LIROSI,"LIROSI, JONATHAN",,NO,
CAHN MARIANA,"CAHN, MARIANA",,NO,
GALIGNIANA PAULA VANINA,"GALIGNIANA, PAULA VANINA",,NO,
COCCA JONATHAN MATIAS,"COCCA, JONATHAN MATIAS",,NO,
DANIEL PABLO RASCOVAN,"RASCOVAN, PABLO DANIEL",,NO,
DANIEL GUILLERMO PEREZ,"PEREZ, GUILLERMO DANIEL",,NO,
ACHUCARRO JAKELINE,"ACHUCARRO, JAKELINE",,NO,
EDUARDO MASTANTUONO,"MASTANTUONO, EDUARDO",,NO,
JOSE RAMON VINAS,"VIÑAS, JOSE RAMON",,NO,
MARCELO MORETTI,"MORETTI, MARCELO","Empezó su carrera Política en el espacio ""Grandeza Azulgrana"" de Fernando Miele, siendo vocal en esa lista. En 2010 participo con su Agrupacion, boedo en Accion, quedando tercero y consiguiendo una vocalia como segunda minoria. Renunciaria en 2012 para generar la acefalía. En las elecciones extraordinarias pasaría a ser oficialista con la agrupacion Siglo XXI de LATI. Durante ese periodo de años colaboro ocasionalmente con el basquet. Siendo encargado del Futbol Senior. Renunció en 2021 y rearmó su espacio para las elecciones canceladas de 2022. Ganó las elecciones de 2023 con su espacio. Durante su gestión, aumentó el pasivo, se rifaron jugadores y se dieron escandalos como el comprobante trucho, el contrato con la indumentaria Atomik y el video de los 25mil dólares. Su gestión terminó en diciembre de 2025 al generarse la acefalía. Al dia de hoy intenta volver por la via legal a la presidencia de San Lorenzo. Fuera del club es empresario gastronómico",SI,Renuncia / Fin de mandato anticipado
NAVARRO NESTOR,"NAVARRO, NESTOR",,NO,
ALEJANDRO TAMER,"TAMER, ALEJANDRO",,NO,
FEDERICO TIRELLI,"TIRELLI, FEDERICO",,NO,
CHRISTIAN MERA,"MERA, CHRISTIAN",,NO,
NESTOR ORTIGOZA,"ORTIGOZA, NESTOR",,NO,
SEBASTIAN TORRICO,"TORRICO, SEBASTIAN",,NO,
FERNANDEZ JOSE LUIS,"FERNANDEZ, JOSE LUIS",,NO,
ANDRES OSCAR TERZANO,"OSCAR, TERZANO ANDRES",,NO,
DINA FISCHER,"FISCHER, DINA",,NO,
DONOFRIO JORGE,"DONOFRIO, JORGE",,NO,
MATIAS PLESCIA,"PLESCIA, MATIAS",,NO,
DANIELA MENDEZ RIGHI,"RIGHI, DANIELA MENDEZ",,NO,
ALEJANDRO BARROS URIEL,"BARROS, URIEL ALEJANDRO",,NO,
EMILIANO LEONE RODRIGUEZ,"LEONE, EMILIANO RODRIGUEZ",,NO,
GOROYESKY LEANDRO,"GOROYESKY, LEANDRO",,NO,
LEONARDO LIPERA,"LIPERA, LEONARDO",,NO,
JOSE VINAS,"VIÑAS, JOSE",,NO,
ALLIEVI IGNACIO JAVIER,"ALLIEVI, JAVIER IGNACIO",,NO,
OSVALDO VAICIULIS,"VAICIULIS, OSVALDO",,NO,
JULIO LOPARDO,"LOPARDO, JULIO",,NO,
HAYDEE PRIETO,"PRIETO, HAYDEE",,NO,
BOUFFLET MARIA SOLEDAD,"BOUFFLET, MARIA SOLEDAD",,NO,
DOMINGO MITOLO,"MITOLO, DOMINGO",,NO,
ARACELI MARTIN PEREZ,"MARTIN, ARACELI PEREZ",,NO,
CIGNA MARTIN,"CIGNA, MARTIN",,NO,
ALEJANDRO CABANA DIEGO,"CABAÑA, DIEGO ALEJANDRO",,NO,
RAMON VILLAVEIRAN,"VILLAVEIRAN, RAMON",,NO,
MATEO SAGARDOY,"SAGARDOY, MATEO",,NO,
LEVALLE PABLO,"LEVALLE, PABLO",,NO,
AGUSTINA LENZI,"LENZI, AGUSTINA",,NO,
GARCIA LAGO PABLO,"LAGO, PABLO GARCIA",,NO,
FABIO LACOLLA,"LACOLLA, FABIO",,NO,
CARINA FARIAS LILIANA,"FARIAS, CARINA LILIANA",,NO,
CATOYRA CRUZ JUAN,"CATOYRA, JUAN CRUZ",,NO,
NAYME VERZINO,"VERZINO, NAYME",,NO,
IANELLO SABINA,"IANELLO, SABINA",,NO,
MARIANO MARINO,"MARINO, MARIANO",,NO,
MANUEL QUINTANA,"QUINTANA, MANUEL",,NO,
GONZALO MARTINEZ SALUM,"SALUM, GONZALO MARTINEZ",,NO,
LEONARDO VIRARDI,"VIRARDI, LEONARDO",,NO,
GRIGERA JUAN MARTIN,"GRIGERA, JUAN MARTIN",,NO,
DAMIAN GREMONE,"GREMONE, DAMIAN",,NO,
DIEGO RIVAS,"RIVAS, DIEGO",,NO,
ALAN NAVARRO,"NAVARRO, ALAN",,NO,
FLORENCIA GIANCHETTA,"GIANCHETTA, FLORENCIA",,NO,
CHIARELLO LEANDRO,"CHIARELLO, LEANDRO",,NO,
ANTONIO GOMEZ JOSE,"GOMEZ, JOSE ANTONIO",,NO,
EMILIANO RODRIGUEZ,"RODRIGUEZ, EMILIANO",,NO,
COGUZZA FEDERICO,"COGUZZA, FEDERICO",,NO,
CHRISTIAN DI PRIETO,"PRIETO, CHRISTIAN DI",,NO,
BRUNO VACCARO,"VACCARO, BRUNO",,NO,
BELEN LUGONES NOELIA,"LUGONES, BELEN NOELIA",,NO,
EMANUEL SALCEDO,"SALCEDO, EMANUEL",,NO,
ANABELLA ESCOBAR,"ESCOBAR, ANABELLA",,NO,
DANIEL MATOS,"MATOS, DANIEL",,NO,
DIEGO PERELLI,"PERELLI, DIEGO",,NO,
ACUNA ANALIA CLAUDIA,"ACUÑA, CLAUDIA ANALIA",,NO,
BUZZO DANIEL GUILLERMO,"BUZZO, GUILLERMO DANIEL",,NO,
JORGE ROMANO,"ROMANO, JORGE",,NO,
CASAL IGNACIO JUAN,"CASAL, JUAN IGNACIO",,NO,
DARIO IGLESIAS RUBEN,"IGLESIAS, RUBEN DARIO",,NO,
BERMUDEZ HECTOR,"BERMUDEZ, HECTOR",,NO,
ALFREDO SOLOA,"SOLOA, ALFREDO",,NO,
LEON PATRICIO,"LEON, PATRICIO",,NO,
LORENA MASSARA,"MASSARA, LORENA",,NO,
ANGELES DE LOS MARIA PEREYRA,"PEREYRA, MARIA DE LOS ANGELES",,NO,
BALDASSARE SANTOS,"BALDASSARE, SANTOS",,NO,
CARLOS KASE RAMIREZ,"KASE RAMIREZ, CARLOS",,NO,
GAUDIO OSMAR RUBEN,"GAUDIO, RUBEN OSMAR",,NO,
SANTOS ZUBERBUHLER,"ZUBERBUHLER, SANTOS",,NO,
FERNANDO SANFILIPPO,"SANFILIPPO, FERNANDO",,NO,
JORGE LIMARDO OMAR,"LIMARDO, JORGE OMAR",,NO,
ADANZA FABIAN ROBERTO,"ADANZA, DIEGO ROBERTO",,NO,
PABLO VACCARO,"VACCARO, PABLO",,NO,
BALDASSARE DE GUZMAN MONICA,"GUZMAN DE BALDASSARE, MONICA",,NO,
FERNANDO LUIS NAVARRO,"NAVARRO, LUIS FERNANDO",,NO,
ERNESTO LOUGHLIN,"LOUGHLIN, ERNESTO",,NO,
ALEJANDRO PACIFICO,"PACIFICO, ALEJANDRO",,NO,
DANIEL EDUARDO MARTINEZ,"MARTINEZ, DANIEL EDUARDO",,NO,
FEDERICO RUIZ SEBASTIAN,"RUIZ, FEDERICO SEBASTIAN",,NO,
CORTI MARCELO,"CORTI, MARCELO",,NO,
CHRISTIAN PRADO,"PRADO, CHRISTIAN",,NO,
COELLO MARTIN,"COELLO, MARTIN",,NO,
COVELLI MATIAS,"COVELLI, MATIAS",,NO,
NICOLAS PELLEGRINI,"PELLEGRINI, NICOLAS",,NO,
ARDETTI MAGALI VAZQUEZ,"VAZQUEZ ARDETTI, MAGALI",,NO,
MORELLO ROBERTO,"MORELLO, ROBERTO",,NO,
LUCAS PALUMBO,"PALUMBO, LUCAS",,NO,
GABRIEL PALETTA,"PALETTA, GABRIEL",,NO,
CRISCOLO SERGIO,"CRISCOLO, SERGIO",,NO,
CARDESIN OMAR ROIS,"ROIS CARDESIN, OMAR",,NO,
ALBERTO BARILARI,"BARILARI, ALBERTO",,NO,
BRUNO IGNACIO,"BRUNO, IGNACIO",,NO,
BLASCO JOSE,"BLASCO, JOSE",,NO,
NOELIA SOLEDAD WALTER,"WALTER, NOELIA SOLEDAD",,NO,
JUAN MANUEL VIGNALI,"VIGNALI, JUAN MANUEL",,NO,
BELLANI RICARDO,"BELLANI, RICARDO",,NO,
FERNANDEZ QUIROZ SANTIAGO,"FERNANDEZ QUIROZ, SANTIAGO",,NO,
CLAUDIO COLOMBO,"COLOMBO, CLAUDIO",,NO,
LINARES ROBERTO,"LIÑARES, ROBERTO",,NO,
FURCI JORGE OSVALDO,"FURCI, JORGE OSVALDO",,NO,
CAROLINA TRUZZI,"TRUZZI, CAROLINA",,NO,
MARTINA YAZALDE,"YAZALDE, MARTINA",,NO,
DORSA GUIDO,"DORSA, GUIDO",,NO,
BERDINAS MARCELO MARTIN,"BERDIÑAS, MARTIN MARCELO",,NO,
EDELSTEIN MARCELO,"EDELSTEIN, MARCELO",,NO,
FERNANDO TROIANO,"TROIANO, FERNANDO",,NO,
BUBILLIO GARCIA MAXIMILIANO,"GARCIA BUBILLIO, MAXIMILIANO",,NO,
BRIAN SABEL,"SABEL, BRIAN",,NO,
CARAVOTTA HERNAN,"CARAVOTTA, HERNAN",,NO,
HECTOR SALCEDO,"SALCEDO, HECTOR",,NO,
ANGEL CARRILLO ENRIQUE,"CARRILLO, ANGEL ENRIQUE",,NO,
BELLANI ESTEBAN,"BELLANI, ESTEBAN",,NO,
CARUSO SOFIA,"CARUSO, SOFIA",,NO,
DE GIOVANNI SEBASTIAN,"DE GIOVANNI, SEBASTIAN",,NO,
BIONDO MARCO,"BIONDO, MARCO",,NO,
BARBARA CARRASCO MARIANA,"CARRASCO, BARBARA MARIANA",,NO,
MARTINA PALETTA,"PALETTA, MARTINA",,NO,
MARISA TARRIO,"TARRIO, MARISA",,NO,
MANUEL SALVADOR,"SALVADOR, MANUEL",,NO,
ARIEL FUNES GUSTAVO,"FUNES, GUSTAVO ARIEL",,NO,
AHUMARAN GABRIEL,"AHUMARAN, GABRIEL",,NO,
FABIAN VOLONTE,"VOLONTE, FABIAN",,NO,
CLAUDIO MORRONE,"MORRONE, CLAUDIO",,NO,
CARLOS JUAN SAURO,"SAURO, JUAN CARLOS",,NO,
HUGO MONTI,"MONTI, HUGO",,NO,
MATRA PABLO,"MATRA, PABLO",,NO,
GARCIA GUSTAVO,"GARCIA, GUSTAVO",,NO,
ALEJANDRO LOSADA,"LOSADA, ALEJANDRO",,NO,
CARBONE NICOLAS,"CARBONE, NICOLAS",,NO,
AQUINO NADIA,"AQUINO, NADIA",,NO,
DANIEL RICARDO SANCHEZ,"SANCHEZ, DANIEL RICARDO",,NO,
ROBERTO STAHLI,"STAHLI, ROBERTO",,NO,
ROMBULA SOFIA,"ROMBULA, SOFIA",,NO,
JUAN KAVANAGH PABLO,"KAVANAGH, JUAN PABLO",,NO,
BINDA CACERES ORIANA,"BINDA CACERES, ORIANA",,NO,
CATAPANO CRISTINA MARIA,"CATAPANO, MARIA CRISTINA",,NO,
BREA SEBASTIAN,"BREA, SEBASTIAN",,NO,
MANSILLA PABLO,"MANSILLA, PABLO",,NO,
GUSTAVO LUCCHINI,"LUCCHINI, GUSTAVO",,NO,
CERVETTO SERGIO,"CERVETTO, SERGIO",,NO,
MARIANO SCORZA,"SCORZA, MARIANO",,NO,
ANDRES MARTIN RODRIGUEZ,"RODRIGUEZ, MARTIN ANDRES",,NO,
BRITOS MATIAS,"BRITOS, MATIAS",,NO,
MANOGRASSO WALTER,"MANOGRASSO, WALTER",,NO,
JUAN MARTIN OSSWALD,"OSSWALD, JUAN MARTIN",,NO,
FRANCO NICOLAS,"FRANCO, NICOLAS",,NO,
DELFINA VOLONTE,"VOLONTE, DELFINA",,NO,
GRANDA JAVIER MARCELO,"GRANDA, JAVIER MARCELO",,NO,
ANIBAL BARENGO ENRIQUE,"BARENGO, ANIBAL ENRIQUE",,NO,
CARLA LITRENTA,"LITRENTA, CARLA",,NO,
LEONARDO PAYASLIAN,"PAYASLIAN, LEONARDO",,NO,
CIANCIO DE KARINA,"DE CIANCIO, KARINA",,NO,
BALBASTRO LAURA,"BALBASTRO, LAURA",,NO,
HERNAN MAZZARA MIGUEL,"MAZZARA, MIGUEL HERNAN",,NO,
FACUNDO OSES,"OSES, FACUNDO",,NO,
ANTONIO DE LUCCA,"DE LUCCA, ANTONIO",,NO,
FERNANDO PACHIANI,"PACHIANI, FERNANDO",,NO,
CLAUDIO TOSTI,"TOSTI, CLAUDIO",,NO,
ANDRES PEREZ,"PEREZ, ANDRES",,NO,
AVEDISIAN CARLOS,"AVEDISIAN, CARLOS",,NO,
ELISSECHE MARIANO,"ELISSECHE, MARIANO",,NO,
ALEGRE RUBEN,"ALEGRE, RUBEN",,NO,
CABANA LAURA,"CABANA, LAURA",,NO,
GUSTAVO SEQUEIRA,"SEQUEIRA, GUSTAVO",,NO,
ARIEL BASILE,"BASILE, ARIEL",,NO,
CHRISTIAN LOPEZ,"LOPEZ, CHRISTIAN",,NO,
ALLARIA BORGHETTI IGNACIO,"ALLARIA BORGHETTI, IGNACIO",,NO,
GASTON ROMERO,"ROMERO, GASTON",,NO,
BRUN CARLOS MARIA,"BRUN, CARLOS MARIA",,NO,
ALMIRON AYELEN,"ALMIRON, AYELEN",,NO,
BUZZANO RUBEN,"BUZZANO, RUBEN",,NO,
ANDREA GHIRIMOLDI,"GHIRIMOLDI, ANDREA",,NO,
GERALDINE SEYSSEL,"SEYSSEL, GERALDINE",,NO,
DIEGO MARTONI PEREZ,"PEREZ MARTONI, DIEGO",,NO,
BRICO DI FEDERICO,"DI BRICO, FEDERICO",,NO,
ADRIAN CHIOSSONE SERRANO,"SERRANO CHIOSSONE, ADRIAN",,NO,
RAFAEL ROJAS,"ROJAS, RAFAEL",,NO,
ANTONIO JORGE ROMANO,"ROMANO, JORGE ANTONIO",,NO,
FITO MACARENA MARIA VALLS,"FITO VALLS, MARIA MACARENA",,NO,
ARIEL CRESCENTE,"CRESCENTE, ARIEL",,NO,
HORACIO JORGE REIMS,"REIMS, HORACIO JORGE",,NO,
ANDRES CAMPOS CARLOS,"CAMPOS, CARLOS ANDRES",,NO,
RODOLFO SANDOVAL,"SANDOVAL, RODOLFO",,NO,
BRITEZ CLAUDIO RODRIGUEZ,"RODRIGUEZ BRITEZ, CLAUDIO",,NO,
MAXIMILIANO PONZIO,"PONZIO, MAXIMILIANO",,NO,
HECTOR SPINA,"SPINA, HECTOR",,NO,
ALVAREZ BERGAGLIO MARCELO,"BERGAGLIO ALVAREZ, MARCELO",,NO,
ALESSANDRO D GILDA,"D'ALESSANDRO, GILDA",,NO,
BELUCCI FEDERICO,"BELUCCI, FEDERICO",,NO,
LAFUENTE NORMA,"LAFUENTE, NORMA",,NO,
ALEJANDRO PANTULLIANO,"PANTULLIANO, ALEJANDRO",,NO,
EINHORN YAEL,"EINHORN, YAEL",,NO,
ARAUJO CLAUDIA,"ARAUJO, CLAUDIA",,NO,
MATEO SCHALE,"SCHALE, MATEO",,NO,
CESAR FURCI,"FURCI, CESAR",,NO,
CEJAS FERNANDO,"CEJAS, FERNANDO",,NO,
CARLOS GUSTAVO TALLON,"TALLON, CARLOS GUSTAVO",,NO,
CARRASCO EDUARDO HORACIO,"CARRASCO, HORACIO EDUARDO",,NO,
GUSTAVO MAMERSCHTEIN MIYAR,"MAMERSCHTEIN MIYAR, GUSTAVO",,NO,
ALBERTO MATTELONE PANTALEON,"MATTELONE PANTALEON, ALBERTO",,NO,
HUGO LOVEY NESTOR,"LOVEY, NESTOR HUGO",,NO,
ALFONSO RAMIRO RIOFRIO,"RIOFRIO ALFONSO, RAMIRO",,NO,
GALEAZZO JORGE,"GALEAZZO, JORGE",,NO,
BINDA MARCELO,"BINDA, MARCELO",,NO,
ASSADOURIAN AUGUSTO PAULO,"ASSADOURIAN, AUGUSTO PAULO",,NO,
FERNANDEZ FLORES MANUEL,"FERNANDEZ FLORES, MANUEL",,NO,
CAPUTO ERICA,"CAPUTO, ERICA",,NO,
GARCIA MITHEUX PABLO,"GARCIA MITHEUX, PABLO",,NO,
AMOR ARIEL SERGIO,"AMOR, SERGIO ARIEL",,NO,
CAPDEVILLE DIEGO,"CAPDEVILLE, DIEGO",,NO,
CLAUDIA ROSSINI,"ROSSINI, CLAUDIA",,NO,
AGUSTIN SUCCARI,"SUCCARI, AGUSTIN",,NO,
MARTIN PEREZ,"PEREZ, MARTIN",,NO,
IVAN NORDENSTROM,"NORDENSTROM, IVAN",,NO,
AGUSTIN ORTIZ,"ORTIZ, AGUSTIN",,NO,
GONZALEZ ULISES,"GONZALEZ, ULISES",,NO,
DODERO FLAVIO,"DODERO, FLAVIO",,NO,
LEONARDO VIDAL WALTER,"VIDAL, LEONARDO WALTER",,NO,
GONZALEZ GUSTAVO IGLESIAS,"GONZALEZ IGLESIAS, GUSTAVO",,NO,
ALLO DIEGO,"ALLO, DIEGO",,NO,
FEDERICO LOURA,"LOURA, FEDERICO",,NO,
LUIS PUIG RAMOS,"RAMOS PUIG, LUIS",,NO,
HERNAN PABLO VERO,"VERO, PABLO HERNAN",,NO,
CINGOLANI CORONEL DANIEL,"CORONEL, CINGOLANI DANIEL",,NO,
LOPEZ MONICA,"LOPEZ, MONICA",,NO,
MAURICIO SGUT,"SGUT, MAURICIO",,NO,
GIORDANO ROMINA,"GIORDANO, ROMINA",,NO,
LAURA MARIA TRIPODI,"TRIPODI, MARIA LAURA",,NO,
GUIN MARTIN,"GUIN, MARTIN",,NO,
PALOMA PIOVANI,"PIOVANI, PALOMA",,NO,
ANDRES FACUNDO IBANEZ,"IBAÑEZ, FACUNDO ANDRES",,NO,
CLARION ROBERTO,"CLARION, ROBERTO",,NO,
BUSTOS GASTON MARIANO,"BUSTOS, MARIANO GASTON",,NO,
FABIAN GUSTAVO SANCHEZ,"SANCHEZ, GUSTAVO FABIAN",,NO,
FABIO SANTACROCE,"SANTACROCE, FABIO",,NO,
CARLOS JUAN RUIZ,"RUIZ, JUAN CARLOS",,NO,
ALONSO DANIEL MARCELO,"ALONSO, MARCELO DANIEL",,NO,
AICHINO FERNANDO,"AICHINO, FERNANDO",,NO,
JUAN MANUEL PIESCO,"PIESCO, JUAN MANUEL",,NO,
FERNANDO JAIDA,"JAIDA, FERNANDO",,NO,
ARIEL GARGANO,"GARGANO, ARIEL",,NO,
NATALIA UBIEDO,"UBIEDO, NATALIA",,NO,
ARENILLAS PABLO,"ARENILLAS, PABLO",,NO,
ESTELA ZAPATA,"ZAPATA, ESTELA",,NO,
MICAELA TEVES,"TEVES, MICAELA",,NO,
GARIBOTTO JUAN PABLO,"GARIBOTTO, JUAN PABLO",,NO,
BUZZANO LUCIA,"BUZZANO, LUCIA",,NO,
HECTOR MASSENA,"MASSENA, HECTOR",,NO,
JAVIER TORELLO,"TORELLO, JAVIER",,NO,
POLLA RAUL,"POLLA, RAUL",,NO,
DANIEL HECTOR TERRAGNO,"TERRAGNO, DANIEL HECTOR",,NO,
LUCAS MICELI PABLO,"MICELI, LUCAS PABLO",,NO,
PALMARES RAUL,"PALMARES, RAUL",,NO,
ADRIAN DUCRET,"DUCRET, ADRIAN",,NO,
ARIEL OLITE,"OLITE, ARIEL",,NO,
PABLO RUEDA,"RUEDA, PABLO",,NO,
LEONARDO STOLL,"STOLL, LEONARDO",,NO,
FUSCO LEANDRO,"FUSCO, LEANDRO",,NO,
BRIAN PAZ,"PAZ, BRIAN",,NO,
LAFFITE MARIANO,"LAFFITE, MARIANO",,NO,
CIRIZA LUDMILA,"CIRIZA, LUDMILA",,NO,
ALEJANDRA BARRATTO RITA,"BARRATTO, RITA ALEJANDRA",,NO,
CELESTE ELISSECHE,"ELISSECHE, CELESTE",,NO,
GRANUCCI LUCAS,"GRANUCCI, LUCAS",,NO,
LAUREANO MOGGIA,"MOGGIA, LAUREANO",,NO,
ADRIAN CARLOS LOPEZ,"LOPEZ, CARLOS ADRIAN",,NO,
CESAR DIAZ,"DIAZ, CESAR",,NO,
DIEGO TORREGROSA,"TORREGROSA, DIEGO",,NO,
FRANCISCO SCHIAVETTA,"SCHIAVETTA, FRANCISCO",,NO,
ALFREDO ALVAREZ GUSTAVO,"ALVAREZ, GUSTAVO ALFREDO",,NO,
ALBERTO LUIS RODRIGUEZ,"RODRIGUEZ, LUIS ALBERTO",,NO,
EDUARDO RITACCO,"RITACCO, EDUARDO",,NO,
FACUNDO MENENDEZ,"MENENDEZ, FACUNDO",,NO,
EMANUEL IBANEZ MATIAS,"IBAÑEZ, MATIAS EMANUEL",,NO,
JULIAN SAYAGO SUEIRO,"SUEIRO SAYAGO, JULIAN",,NO,
FACUNDO KAPROW LANCIONI,"LANCIONI KAPROW, FACUNDO",,NO,
ANTONIO JOSE PRADO,"PRADO, JOSE ANTONIO",,NO,
ADRIAN MARCELO PARRA,"PARRA, MARCELO ADRIAN",,NO,
EMILIANO VALLECILLO,"VALLECILLO, EMILIANO",,NO,
CAMBAS VALERIA,"CAMBAS, VALERIA",,NO,
BENITEZ FABRIZIO MIERES,"MIERES BENITEZ, FABRIZIO",,NO,
ARDETI GLORIA,"ARDETI, GLORIA",,NO,
RUTH SANTELLI,"SANTELLI, RUTH",,NO,
FERREYRO GABRIEL,"FERREYRO, GABRIEL",,NO,
DE DELIA LICCIARDELLO RUIZ,"LICCIARDELLO DE RUIZ, DELIA",,NO,
DIEGO MARCHIONNI,"MARCHIONNI, DIEGO",,NO,
PEREYRA RAMOS,"PEREYRA, RAMOS",,NO,
ARMANDO DIEGO VERA,"VERA, DIEGO ARMANDO",,NO,
MIGUEL ORLANDO SACHITELLA,"SACHITELLA, MIGUEL ORLANDO",,NO,
ALBERTO CARLOS VAZQUEZ,"VAZQUEZ, CARLOS ALBERTO",,NO,
IZUEL MARTIN,"IZUEL, MARTIN",,NO,
FERNANDO SPOSARO,"SPOSARO, FERNANDO",,NO,
ALEJANDRO CARUSO SANTIAGO,"CARUSO, SANTIAGO ALEJANDRO",,NO,
BARBIERI CARLOS JUAN,"BARBIERI, JUAN CARLOS",,NO,
ALBERTO SAPIA,"SAPIA, ALBERTO",,NO,
LONGO OSCAR,"LONGO, OSCAR",,NO,
RUBEN VILLALBA,"VILLALBA, RUBEN",,NO,
MARIANO SALVATORI,"SALVATORI, MARIANO",,NO,
MAURO SANTONO,"SANTONO, MAURO",,NO,
CELESTE CUELLAS,"CUELLAS, CELESTE",,NO,
MARTIN RUIZ,"RUIZ, MARTIN",,NO,
NELIDA VOLLARO,"VOLLARO, NELIDA",,NO,
ARAUJO NUNEZ YAEL,"NUÑEZ, ARAUJO YAEL",,NO,
GIOIA MARTIN,"GIOIA, MARTIN",,NO,
DIEGO FLEITAS,"FLEITAS, DIEGO",,NO,
ALBARRACIN MONTIEL PATRICIO,"MONTIEL ALBARRACIN, PATRICIO",,NO,
LEONARDO SZENDREI,"SZENDREI, LEONARDO",,NO,
ALBERTO DIAZ JOSE,"DIAZ, JOSE ALBERTO",,NO,
ESTELA FURCI MARIA,"FURCI, MARIA ESTELA",,NO,
DI JUAN MANUEL PAOLA,"DI PAOLA, JUAN MANUEL",,NO,
HECTOR STORTINI,"STORTINI, HECTOR",,NO,
ORCIOULI TOBIAS,"ORCIOULI, TOBIAS",,NO,
FRANCISCO NAVARRO,"NAVARRO, FRANCISCO",,NO,
ELIAS GUSTAVO,"ELIAS, GUSTAVO",,NO,
IGNACIO RATTO,"RATTO, IGNACIO",,NO,
CASERTA GARCIA JUAN PABLO,"GARCIA CASERTA, JUAN PABLO",,NO,
CARDELLI DANIEL,"CARDELLI, DANIEL",,NO,
JULIO LAVANDA,"LAVANDA, JULIO",,NO,
FEDERICO RATTO,"RATTO, FEDERICO",,NO,
DE MELINA VITO,"DE VITO, MELINA",,NO,
MARTIN NOSENZO,"NOSENZO, MARTIN",,NO,
BRIGGS JUAN MANUEL,"BRIGGS, JUAN MANUEL",,NO,
MAIORANO MARINA,"MAIORANO, MARINA",,NO,
NORBERTO PISTOIA,"PISTOIA, NORBERTO",,NO,
LEONARDO ROLDAN,"ROLDAN, LEONARDO",,NO,
TARELLI VANINA,"TARELLI, VANINA",,NO,
BANULS EMANUEL,"BAÑULS, EMANUEL",,NO,
NESTOR TORADELLI,"TORADELLI, NESTOR",,NO,
MARIN MATIAS,"MARIN, MATIAS",,NO,
DE GUSTAVO ROSA,"DE ROSA, GUSTAVO",,NO,
CLAUDIO IBARROLA,"IBARROLA, CLAUDIO",,NO,
DIEGO SACO,"SACO, DIEGO",,NO,
DIEGO GASTON WELEDNIGER,"WELEDNIGER, DIEGO GASTON",,NO,
ARDETTI GONZALO VAZQUEZ,"VAZQUEZ ARDETTI, GONZALO",,NO,
ENRIQUE RAVAZANO,"RAVAZANO, ENRIQUE",,NO,
DIZ FERNANDO,"DIZ, FERNANDO",,NO,
JOAQUIN MENENDEZ,"MENENDEZ, JOAQUIN",,NO,
ALEJANDRO CLAUDIO FLORIO,"FLORIO, CLAUDIO ALEJANDRO",,NO,
JOAQUIN LOPEZ SANTIAGO,"LOPEZ, JOAQUIN SANTIAGO",,NO,
MAGALI SPINA,"SPINA, MAGALI",,NO,
CLAUDIO DE FUENTE LA,"DE LA FUENTE, CLAUDIO",,NO,
GUDINO SOLEDAD,"GUDIÑO, SOLEDAD",,NO,
CASTRO MARIA,"CASTRO, MARIA",,NO,
HECTOR SALGADO,"SALGADO, HECTOR",,NO,
BUZZANO CAMILA,"BUZZANO, CAMILA",,NO,
HORACIO MUNOZ,"MUÑOZ, HORACIO",,NO,
GUSTAVO PIROLO,"PIROLO, GUSTAVO",,NO,
BATTIPAGLIA LEONARDO,"BATTIPAGLIA, LEONARDO",,NO,
FIGUEROA PATRICIA,"FIGUEROA, PATRICIA",,NO,
CONTRERAS MIGUEL,"CONTRERAS, MIGUEL",,NO,
ARIEL MEDOLLA,"MEDOLLA, ARIEL",,NO,
LUIS PABLO PERGOLANI,"PERGOLANI, PABLO LUIS",,NO,
RODRIGUEZ VIVIANA,"RODRIGUEZ, VIVIANA",,NO,
BRIGGS THIAGO,"BRIGGS, THIAGO",,NO,
ALBERTO FONTANELLA,"FONTANELLA, ALBERTO",,NO,
LEANDRO PAEZ,"PAEZ, LEANDRO",,NO,
FLORES GONZALEZ YAGO,"GONZALEZ FLORES, YAGO",,NO,
GABRIEL SESTA,"SESTA, GABRIEL",,NO,
JOSE LUIS SASTRE,"SASTRE, JOSE LUIS",,NO,
AVELLA MYRIAM,"AVELLA, MYRIAM",,NO,
GRECO LUCIANO,"GRECO, LUCIANO",,NO,
GUSTAVO TREZZA,"TREZZA, GUSTAVO",,NO,
FONTANELLA MALENA,"FONTANELLA, MALENA",,NO,
ALEJANDRO SKREPNIK,"SKREPNIK, ALEJANDRO",,NO,
DERQUI SANTIAGO,"DERQUI, SANTIAGO",,NO,
RICARTE SARA SEGOVIA,"RICARTE SEGOVIA, SARA",,NO,
BONANNO PABLO,"BONANNO, PABLO",,NO,
DRAGONETTI RICARDO,"DRAGONETTI, RICARDO",,NO,
DOMINGUEZ GONZALO,"DOMINGUEZ, GONZALO",,NO,
MARIANO ROMERO,"ROMERO, MARIANO",,NO,
OSUNA RAFAEL,"OSUNA, RAFAEL",,NO,
APUD HIGONET MARIO,"APUD HIGONET, MARIO",,NO,
DORSA FRANCO,"DORSA, FRANCO",,NO,
FRANCISCO GUERENDIAIN,"GUERENDIAIN, FRANCISCO",,NO,
PAPACENA RUBEN,"PAPACENA, RUBEN",,NO,
MARTIN PIPARUOLO,"PIPARUOLO, MARTIN",,NO,
ALVAREZ LEONEL SANTIAGO,"ALVAREZ,SANTIAGO LEONEL",,NO,
ADRIANA NOVAIS,"NOVAIS, ADRIANA",,NO,
ALEJANDRO JOSE MIDDONO,"MIDDONO, JOSE ALEJANDRO",,NO,
LILIA VILLARINO,"VILLARINO, LILIA",,NO,
NORMA RONDINELLA,"RONDINELLA, NORMA",,NO,
ALBERTO JORGE RODRIGUEZ,"RODRIGUEZ, JORGE ALBERTO",,NO,
ANGELICA DOMINGUEZ,"DOMINGUEZ, ANGELICA",,NO,
DENTE LUCAS,"DENTE, LUCAS",,NO,
BISIGNANI MARCELO,"BISIGNANI, MARCELO",,NO,
ANGRIMAN BRUNO,"ANGRIMAN, BRUNO",,NO,
CARLOS DIEGO MARIN,"MARIN, DIEGO CARLOS",,NO,
LOMOLINO MARIANO,"LOMOLINO, MARIANO",,NO,
RUIZ SANTIAGO SEBASTIAN,"RUIZ, SEBASTIAN SANTIAGO",,NO,
JUAN MANUEL SERVENTE,"SERVENTE, JUAN MANUEL",,NO,
ANDREA MIRIAM PERAL,"PERAL, MIRIAM ANDREA",,NO,
FRANCISCO PANDULLO,"PANDULLO, FRANCISCO",,NO,
ADRIANA GASTALDI,"GASTALDI, ADRIANA",,NO,
DURE GISELE JAQUELINE,"DURE, JAQUELINE GISELE",,NO,
RAPOSO RICARDO,"RAPOSO, RICARDO",,NO,
HERNAN VAZQUEZ,"VAZQUEZ, HERNAN",,NO,
APOLONIO CLAUDIO TABOADA,"APOLONIO TABOADA, CLAUDIO",,NO,
ANTONELLA GRAPPI LANDRO,"GRAPPI LANDRO, ANTONELLA",,NO,
CHOQUES DIEGO,"CHOQUES, DIEGO",,NO,
GARCIA MONICA,"GARCIA, MONICA",,NO,
DOMINGUEZ GABRIEL VENCE Y,"DOMINGUEZ Y VENCE, GABRIEL",,NO,
MARRADES PEGITO SEBASTIAN,"PEGITO MARRADES, SEBASTIAN",,NO,
ALEJANDRA LOISI,"LOISI, ALEJANDRA",,NO,
DESTEFANO ROBERTO,"DESTEFANO, ROBERTO",,NO,
GIOIA GUSTAVO,"GIOIA, GUSTAVO",,NO,
PERAZZO SANTIAGO,"PERAZZO, SANTIAGO",,NO,
GRANDIO LUIS OSVALDO,"GRANDIO, LUIS OSVALDO",,NO,
BOLLA SANTIAGO,"BOLLA, SANTIAGO",,NO,
MARCELO TINELLI,"TINELLI, MARCELO","Histórico presentador y productor del programa Showmatch y empresario. Colaboro en San Lorenzo desde 1995 hasta 2022. En 2008 trajo el famoso ""Grupo Empresario"", en el cual San Lorenzo se hacia cargo de los contratos de los jugadores y apenas recibia una compensacion en caso de venta, trayendo un gran perjuicio al club. Políticamente asumiria una vocalía en el gobierno transitorio de 2012 y se afianzaria como Vice-Presidente hasta el año 2019. Donde ganaria las elecciones. Decidio renunciar en Marzo de 2022 por razones personales. Durante su gestión, se hizo cargo del futbol, voley y del baquet. Este ultimo a pesar de grandes logros, terminó dejando una deuda de mas de 500mil dolares",SI,Renuncia / Fin de mandato anticipado
RICARDO SAPONARE,"SAPONARE, RICARDO",,NO,
CLAUDIO DE SIMONE,"SIMONE, CLAUDIO DE",,NO,
ARRECEYGOR HORACIO,"ARRECEYGOR, HORACIO","Dirigente del Sindicato Argentino de Television, Servicios Audiovisuales, Interactivos y de Datos (SATSAID). Con amplia trayectoria política, Estuvo en la Agrupación San Lorenzo Para Todos en 2004, Con el Frente San Lorencista en 2009, En Nuevo San Lorenzo 2010 y a Partir del 2012 estuvo en las Listas de San Lorenzo Siglo XXI como Vocal, participando ademas en las elecciones de 2013 y 2016. En 2019 se presentó y ganó como candidato a Vice-Presidente por el mismo espacio. En 2021 asumiría el cargo de Presidente de San Lorenzo tras la licencia y posterior Renuncia de Marcelo Tinelli. Se mantendría en el Cargo hasta el año 2023. Actualmente fuera de la política azulgrana",SI,Renuncia / Fin de mandato anticipado
MARIA ORMAECHEA,"ORMAECHEA, MARIA",,NO,
PELJHAN SERGIO,"PELJHAN, SERGIO",,NO,
ISABEL MARIA VUOTTO,"VUOTTO, MARIA ISABEL",,NO,
JORGE PALADINO,"PALADINO, JORGE",,NO,
ALVAREZ CARMEN DEL MARIA,"ALVAREZ, MARIA DEL CARMEN",,NO,
BETO CESAR,"CESAR, BETO",,NO,
CLAUDIO PERALES,"PERALES, CLAUDIO",,NO,
MARCELO VUOTTO,"VUOTTO, MARCELO",,NO,
JOSE ROZADOS,"ROZADOS, JOSE",,NO,
COLANGELO MARIANO,"COLANGELO, MARIANO",,NO,
ALVAREZ ROBERTO,"ALVAREZ, ROBERTO",,NO,
CIANNI MAXIMILIANO,"CIANNI, MAXIMILIANO",,NO,
ALEJANDRO FERNANDEZ LUIS,"FERNANDEZ, ALEJANDRO LUIS",,NO,
COSTAS FERNANDEZ MARIA PAULA,"COSTAS, MARIA PAULA FERNANDEZ",,NO,
CAROLINA MARISTANY,"MARISTANY, CAROLINA",,NO,
ANDREA SPERANZA,"SPERANZA, ANDREA",,NO,
BUSSO DARIO RODRIGUEZ,"BUSSO, DARIO RODRIGUEZ",,NO,
FERNANDO TERUEL,"TERUEL, FERNANDO",,NO,
MORELLO OSCAR,"MORELLO, OSCAR",,NO,
GUTIERREZ JORGE OMAR,"GUTIERREZ, JORGE OMAR",,NO,
GASTON LAVILLE,"LAVILLE, GASTON",,NO,
FERNANDEZ GISEL,"FERNANDEZ, GISEL",,NO,
ANGLADA DIEGO,"ANGLADA, DIEGO",,NO,
GUTIERREZ LEANDRO PESSANO Y,"GUTIERREZ, LEANDRO PESSANO Y",,NO,
MARCELO PEREZ RUBINO,"RUBINO, MARCELO PEREZ",,NO,
JOSE LUIS PARRA SANZ,"SANZ, JOSE LUIS PARRA",,NO,
CARLOS MAXIMILIANO ROSALES,"ROSALES, CARLOS MAXIMILIANO",,NO,
DANIELA TEIXIDO,"TEIXIDO, DANIELA",,NO,
ADRIAN FABIO FERNANDEZ,"FERNANDEZ, ADRIAN FABIO",,NO,
CHIODINI PABLO,"CHIODINI, PABLO",,NO,
GIOVANELLI HUGO,"GIOVANELLI, HUGO",,NO,
NANCY PELJHAN,"PELJHAN, NANCY",,NO,
MANAS NORBERTO,"MAÑAS, NORBERTO",,NO,
GRANO LUCAS,"GRANO, LUCAS",,NO,
ALFONSO ANIBAL LOPEZ,"LOPEZ, ANIBAL ALFONSO",,NO,
DIEGO MENDRI RUBEN,"MENDRI, DIEGO RUBEN",,NO,
ESCOBAR NURIA,"ESCOBAR, NURIA",,NO,
GUSTAVO VILLAR,"VILLAR, GUSTAVO",,NO,
ALVAREZ SERGIO,"ALVAREZ, SERGIO",,NO,
BARI RIQUELME TOMAS,"RIQUELME, TOMAS BARI",,NO,
FELIPE SILVESTRE,"SILVESTRE, FELIPE",,NO,
MONFORTE PATRICIA,"MONFORTE, PATRICIA",,NO,
ITUARTE JULIO SANCHEZ,"ITUARTE, JULIO SANCHEZ",,NO,
CAPRISTO GABRIEL,"CAPRISTO, GABRIEL",,NO,
CORTEA ELENA,"CORTEA, ELENA",,NO,
ALAN LANCE,"LANCE, ALAN",,NO,
JUAN SCOLTORE VICENTE,"SCOLTORE, JUAN VICENTE",,NO,
JULIETA PEDRAZZOLI,"PEDRAZZOLI, JULIETA",,NO,
SILVINA VILA,"VILA, SILVINA",,NO,
MACARENA MARIA URRICANET,"URRICANET, MARIA MACARENA",,NO,
DE JUAN MARCO PABLO,"MARCO, JUAN PABLO DE",,NO,
GARCIA MELANIE VIOLET,"GARCIA, MELANIE VIOLET",,NO,
MIGUEL ORLANDO SACCHITELA,"SACCHITELA, MIGUEL ORLANDO",,NO,
ANDREA BARO MARIELA,"BARO, MARIELA ANDREA",,NO,
LAURA SAPONARE,"SAPONARE, LAURA",,NO,
EUGENIO GUSTAVO MARTINEZ,"MARTINEZ, GUSTAVO EUGENIO",,NO,
ANGEL LUIS SARUBBI,"SARUBBI, LUIS ANGEL",,NO,
ANIBAL JOSE NABAIS,"NABAIS, JOSE ANIBAL",,NO,
FERNANDO SERJANOVIC,"SERJANOVIC, FERNANDO",,NO,
ARDILES FERNANDEZ JULIO RAFAEL,"FERNANDEZ ARDILES, JULIO RAFAEL",,NO,
ANTONINO VENTRICE,"VENTRICE, ANTONINO",,NO,
ERCOLANO MARCELO,"ERCOLANO, MARCELO",,NO,
LAURA RUGGIERO,"RUGGIERO, LAURA",,NO,
FRANCO SAPONARE,"SAPONARE, FRANCO",,NO,
GUSTAVO SALAMONE,"SALAMONE, GUSTAVO",,NO,
DE MIGUEL MONICA,"DE MIGUEL, MONICA",,NO,
LUCIANA VIOTTI VOLPE,"VOLPE VIOTTI, LUCIANA",,NO,
GREMONE ROBERTO,"GREMONE, ROBERTO",,NO,
CARLA GISELLE MASSELLI,"MASSELLI, CARLA GISELLE",,NO,
ALEJANDRO MACCIO,"MACCIO, ALEJANDRO",,NO,
ANGEL SAPONARE,"SAPONARE, ANGEL",,NO,
ALBERTO JOSE RAMOS,"RAMOS, JOSE ALBERTO",,NO,
ERCOLANO SERGIO,"ERCOLANO, SERGIO",,NO,
DIEGO MIGUEL RUIZ,"RUIZ, DIEGO MIGUEL",,NO,
CARLOS FEDERICO VERDALLE,"VERDALLE, FEDERICO CARLOS",,NO,
DANIEL FERNANDEZ OSVALDO,"FERNANDEZ, DANIEL OSVALDO",,NO,
ANIBAL HORACIO LOTITO,"LOTITO, HORACIO ANIBAL",,NO,
GONZALO MILLIVIERI,"MILLIVIERI, GONZALO",,NO,
BARLARO PAOLA,"BARLARO, PAOLA",,NO,
CARLOS ENRIQUE LEMOS,"LEMOS, CARLOS ENRIQUE",,NO,
ANTONELLA BASSI MARIA,"BASSI, MARIA ANTONELLA",,NO,
PABLO RAMIREZ RODRIGUEZ,"RODRIGUEZ RAMIREZ, PABLO",,NO,
TAMARA TISEYRA,"TISEYRA, TAMARA",,NO,
ERNESTO LOZA,"LOZA, ERNESTO",,NO,
HERRERA NESTOR,"HERRERA, NESTOR",,NO,
CARLOS EUGENIO LOPEZ,"LOPEZ, CARLOS EUGENIO",,NO,
AZAMENDIA JUAN RAMON,"AZAMENDIA, JUAN RAMON",,NO,
SANTORSA SILVANA,"SANTORSA, SILVANA",,NO,
GALLO GUIDO,"GALLO, GUIDO",,NO,
CLAUDIO DE MARCO,"DE MARCO, CLAUDIO",,NO,
COMBI JUAN MANUEL,"COMBI, JUAN MANUEL",,NO,
ALBERTO CARLOS SIERRA,"SIERRA, CARLOS ALBERTO",,NO,
BRUZZESE CARLOS JOSE,"BRUZZESE, JOSE CARLOS",,NO,
ANDREA KARINA MILANO,"MILANO, ANDREA KARINA",,NO,
ADRIAN DI FRANCO PAULO,"DI FRANCO, PAULO ADRIAN",,NO,
GABRIEL ORTIZ PABLO,"ORTIZ, PABLO GABRIEL",,NO,
CARLOS CASAS JUAN,"CASAS, JUAN CARLOS",,NO,
ANTON MARIANA PEREZ,"ANTON PEREZ, MARIANA",,NO,
FERRETO MATIAS,"FERRETO, MATIAS",,NO,
EMILIANO GABRIEL ORTIZ,"ORTIZ, EMILIANO GABRIEL",,NO,
ALBERTO DI GREGORIO JORGE,"DI GREGORIO, JORGE ALBERTO",,NO,
ANGEL MIGUEL SANCHEZ,"SANCHEZ, MIGUEL ANGEL",,NO,
ANA FERNANDEZ MARIA,"FERNANDEZ, ANA MARIA",,NO,
DEL GROSSO RUBEN,"DEL GROSSO, RUBEN",,NO,
ANDRES LARROQUE,"LARROQUE, ANDRES",,NO,
DANIELA MASSENA,"MASSENA, DANIELA",,NO,
BONOMO DIEGO HECTOR,"BONOMO, HECTOR DIEGO",,NO,
CABALO EDUARDO RODRIGO,"CABALO, RODRIGO EDUARDO",,NO,
INAKI ORMAECHEA,"ORMAECHEA, IÑAKI",,NO,
DURSO FACUNDO,"DURSO, FACUNDO",,NO,
FEDERICO PABLO VOLONTE,"VOLONTE, FEDERICO PABLO",,NO,
GRECO JONATHAN,"GRECO, JONATHAN",,NO,
HERNAN ROSARINO,"ROSARINO, HERNAN",,NO,
FARIAS MARTIN PABLO,"FARIAS, PABLO MARTIN",,NO,
ADRIAN GABRIEL MARTINEZ,"MARTINEZ, GABRIEL ADRIAN",,NO,
CARLOS JUAN MERIANO,"MERIANO, JUAN CARLOS",,NO,
BRITOS FAUR HERNAN MARIANO,"BRITOS FAUR, HERNAN MARIANO",,NO,
FERNANDEZ MAXIMILIANO,"FERNANDEZ, MAXIMILIANO",,NO,
EMILIANO KEVIN ZIMMINO,"ZIMMINO, KEVIN EMILIANO",,NO,
ANTONIO HARBEK,"HARBEK, ANTONIO",,NO,
ALFREDO MARENGHI,"MARENGHI, ALFREDO",,NO,
ALFREDO LAMACCHIA,"LAMACCHIA, ALFREDO",,NO,
CRISTINA GIOIA SOLEDAD,"GIOIA, CRISTINA SOLEDAD",,NO,
ARGOMIL CLAUDIO,"ARGOMIL, CLAUDIO",,NO,
DIEGO MEDOLLA,"MEDOLLA, DIEGO",,NO,
MAZMUD OSCAR,"MAZMUD, OSCAR",,NO,
LAUTARO LEMOS NAHUEL,"LEMOS, LAUTARO NAHUEL",,NO,
FELIPE LICARI LUIS,"LICARI, LUIS FELIPE",,NO,
CHRISTIAN FONTANA,"FONTANA, CHRISTIAN",,NO,
GUSTAVO SABELLI,"SABELLI, GUSTAVO",,NO,
ALEJANDRO MARCELO TEJEDA,"TEJEDA, MARCELO ALEJANDRO",,NO,
ALEJANDRO CEREZAL,"CEREZAL, ALEJANDRO",,NO,
MONACHELLI SERGIO,"MONACHELLI, SERGIO",,NO,
ALBERTO ANGEL LEGUIZAMO,"LEGUIZAMO, ANGEL ALBERTO",,NO,
LUMINOSO YANINA,"LUMINOSO, YANINA",,NO,
ANGLADA HERNAN,"ANGLADA, HERNAN",,NO,
DAMIAN MARIANO TOMASINI,"TOMASINI, MARIANO DAMIAN",,NO,
CARLOS JUAN ROUMIEUX,"ROUMIEUX, JUAN CARLOS",,NO,
LAURA VASSELATTI,"VASSELATTI, LAURA",,NO,
CARLA MARIA SEMISA,"SEMISA, MARIA CARLA",,NO,
CASAS GIOVINNI MARIS STELLA,"CASAS GIOVINNI, STELLA MARIS",,NO,
ALBERTO CARLOS MERLO,"MERLO, CARLOS ALBERTO",,NO,
BLANCO IGNACIO MARTIN MUINO,"BLANCO MUIÑO, IGNACIO MARTIN",,NO,
ADRIAN ALVAREZ HORACIO,"ALVAREZ, ADRIAN HORACIO",,NO,
CRISTIAN GENAZZINI,"GENAZZINI, CRISTIAN",,NO,
LIONEL TROTTA,"TROTTA, LIONEL",,NO,
LEANDRO MARTIN VOGLIOTTI,"VOGLIOTTI, LEANDRO MARTIN",,NO,
BRIENZA JOSE MARTIN,"BRIENZA, JOSE MARTIN",,NO,
MELLA SERGIO,"MELLA, SERGIO",,NO,
ANGELO D IGNACIO,"D'ANGELO, IGNACIO",,NO,
AGUSTIN DAMIAN PUGLIESE,"PUGLIESE, AGUSTIN DAMIAN",,NO,
FERNANDO JAVIER ZAYAT,"ZAYAT, FERNANDO JAVIER",,NO,
IMANOL RAMOS,"RAMOS, IMANOL",,NO,
ALBERTO BALDASSARE CARLOS,"BALDASSARE, CARLOS ALBERTO",,NO,
ANTONIO FABIAN RICETTA,"RICETTA, ANTONIO FABIAN",,NO,
ALEJANDRO DAMIAN GOMEZ,"GOMEZ, ALEJANDRO DAMIAN",,NO,
ANALIA TESOURO,"TESOURO, ANALIA",,NO,
CERVELO GRACIELA MARIA,"CERVELO, MARIA GRACIELA",,NO,
ANDREA LOPEZ VERONICA,"LOPEZ, ANDREA VERONICA",,NO,
BRUNETTI JOSE LUIS,"BRUNETTI, JOSE LUIS",,NO,
CARLOS JUAN SPERANZA,"SPERANZA, JUAN CARLOS",,NO,
FRANCISCO JOSE STASI,"STASI, FRANCISCO JOSE",,NO,
BERTUA CARLOS JUAN,"BERTUA, JUAN CARLOS",,NO,
BRUNDO DANIEL,"BRUNDO, DANIEL",,NO,
ALVAREZ CARLOS LEONARDO,"ALVAREZ, LEONARDO CARLOS",,NO,
CASTRO VALENTIN,"CASTRO, VALENTIN",,NO,
EL LEONEL NEMER ROCCHIA,"ROCCHIA EL NEMER, LEONEL",,NO,
MARIA ONGARO PAULA,"ONGARO, MARIA PAULA",,NO,
FERNANDO GIAMBORINO,"GIAMBORINO, FERNANDO",,NO,
EL MANUEL NEMER ROCCHIA,"ROCCHIA EL NEMER, MANUEL",,NO,
MARIA VAZQUEZ VICTORIA,"VAZQUEZ, MARIA VICTORIA",,NO,
CECILIA CERVETTO GRACIELA,"CERVETTO, GRACIELA CECILIA",,NO,
CARLA LORENA MANUALE,"MANUALE, LORENA CARLA",,NO,
HECTOR PABLO RIOS,"RIOS, PABLO HECTOR",,NO,
ALBERTO JUAN MIDDONO,"MIDDONO, JUAN ALBERTO",,NO,
ALBERTO LUIS PULSINI,"PULSINI, LUIS ALBERTO",,NO,
HECTOR HUGO MASELLI,"MASELLI, HUGO HECTOR",,NO,
DE LA RICARDO RUA,"DE LA RUA, RICARDO",,NO,
BASTARDO IAN SOSA,"BASTARDO SOSA, IAN",,NO,
ALBERTO HUGO PELJHAN,"PELJHAN, HUGO ALBERTO",,NO,
ENRIQUE MICELI,"MICELI, ENRIQUE",,NO,
EMILIO FURLAN,"FURLAN, EMILIO",,NO,
FERNANDO SILES,"SILES, FERNANDO",,NO,
GABRIEL GARCIA OSCAR,"GARCIA, OSCAR GABRIEL",,NO,
GARACHICO JUAN MANUEL,"GARACHICO, JUAN MANUEL",,NO,
CARMEN DEL RAMIREZ TERESITA,"RAMIREZ, TERESITA DEL CARMEN",,NO,
ADRIANA ELIZABETH TABORDA,"TABORDA, ADRIANA ELIZABETH",,NO,
BLANCO HECTOR MARTIN,"BLANCO, MARTIN HECTOR",,NO,
ASCHIERO EDUARDO,"ASCHIERO, EDUARDO",,NO,
MORELLO NICOLAS,"MORELLO, NICOLAS",,NO,
GASTON MARCOS MUGUETA,"MUGUETA, MARCOS GASTON",,NO,
FERNANDO RICCI,"RICCI, FERNANDO",,NO,
EDUARDO SARUBBI,"SARUBBI, EDUARDO",,NO,
CARLOS MALATESTA MARIANO,"MALATESTA, MARIANO CARLOS",,NO,
FUENTES JORGE LUIS,"FUENTES, JORGE LUIS",,NO,
ARIEL MOCCIOLA,"MOCCIOLA, ARIEL",,NO,
ALEJANDRO BEJAR EZEQUIEL,"BEJAR, ALEJANDRO EZEQUIEL",,NO,
CAPPELLETTI GUSTAVO,"CAPPELLETTI, GUSTAVO",,NO,
DI ESTEBAN FRANCO,"DI FRANCO, ESTEBAN",,NO,
EL EZEQUIEL NEMER ROCCHIA,"ROCCHIA EL NEMER, EZEQUIEL",,NO,
GISELLE TAMALET,"TAMALET, GISELLE",,NO,
IANELLO SABRINA,"IANELLO, SABRINA",,NO,
AGUILAR SANDRA,"AGUILAR, SANDRA",,NO,
GARCIA MARIA VALERIA,"GARCIA, MARIA VALERIA",,NO,
ALEJANDRO ANDRES ELISSECHE,"ELISSECHE, ANDRES ALEJANDRO",,NO,
EDUARDO ELISEO RODRIGUEZ,"RODRIGUEZ, EDUARDO ELISEO",,NO,
GONZALEZ MARCELO RUBEN,"GONZALEZ, RUBEN MARCELO",,NO,
DESTEFANO GONZALO,"DESTEFANO, GONZALO",,NO,
MARCELO WENGROVSKY,"WENGROVSKY, MARCELO",,NO,
ANDRES CARELLI LUCIO,"CARELLI, LUCIO ANDRES",,NO,
BALBI CESAR JULIO,"BALBI, JULIO CESAR",,NO,
ALLENDE FABIO,"ALLENDE, FABIO",,NO,
BUSCAGLIA DEMIAN LEANDRO,"BUSCAGLIA, DEMIAN LEANDRO",,NO,
EZEQUIEL OLIVERI,"OLIVERI, EZEQUIEL",,NO,
LUCIANO REYENTE,"REYENTE, LUCIANO",,NO,
DAMIAN ESTEBAN RASPANTI,"RASPANTI, DAMIAN ESTEBAN",,NO,
GABRIELA RIOS,"RIOS, GABRIELA",,NO,
DE LO ROSA TALLARICO TARTARO,"TALLARICO DE LO TARTARO, ROSA",,NO,
ADAMO LIDIA LORENA,"ADAMO, LORENA LIDIA",,NO,
EDUARDO JOSE MUNDO,"MUNDO, JOSE EDUARDO",,NO,
AIRA LEANDRO,"AIRA, LEANDRO",,NO,
ALBERTO CARLOS RODRIGUEZ,"RODRIGUEZ, CARLOS ALBERTO",,NO,
LEANDRO NABAIS,"NABAIS, LEANDRO",,NO,
ALBERTO APONTE DANIEL,"APONTE, DANIEL ALBERTO",,NO,
AIELLO FRANCISCO,"AIELLO, FRANCISCO",,NO,
ADRIAN CASANUEVA,"CASANUEVA, ADRIAN",,NO,
HECTOR OSVALDO RUSSO,"RUSSO, OSVALDO HECTOR",,NO,
FRANCISCO SERRANO,"SERRANO, FRANCISCO",,NO,
BRODSCHI MAURICIO,"BRODSCHI, MAURICIO",,NO,
ALBERTO FLORES JORGE,"FLORES, JORGE ALBERTO",,NO,
ARIEL FEDERICO RUSSO,"RUSSO, FEDERICO ARIEL",,NO,
GAGLIANO HECTOR,"GAGLIANO, HECTOR",,NO,
JULIAN RAUL STORTINI,"STORTINI, JULIAN RAUL",,NO,
GARCIA GASTON MAXIMILIANO,"GARCIA, GASTON MAXIMILIANO",,NO,
AGUSTINA BRUNO,"BRUNO, AGUSTINA",,NO,
ARANA BURRUCHAGA,"BURRUCHAGA, ARANA",,NO,
BRIZUELA IVANA MARIA,"BRIZUELA, MARIA IVANA",,NO,
CASTRO DE GONZALO,"DE CASTRO, GONZALO",,NO,
MIRACCA ROBERTO,"MIRACCA, ROBERTO",,NO,
GARCIA MARCELO,"GARCIA, MARCELO",,NO,
ARIEL COSTA DA MARTIN PARAIZO,"DA COSTA PARAIZO, MARTIN ARIEL",,NO,
AMPUGNANI MARCELO,"AMPUGNANI, MARCELO",,NO,
CARLOS JUAN MELI,"MELI, JUAN CARLOS",,NO,
PABLO QUIROGA,"QUIROGA, PABLO",,NO,
GAGLIARDONE ROBERTO,"GAGLIARDONE, ROBERTO",,NO,
ORLANDO OSCAR SACCO,"SACCO, OSCAR ORLANDO",,NO,
AGUSTIN MIRABELLI,"MIRABELLI, AGUSTIN",,NO,
CESAR FRANCISCO GONZALEZ,"GONZALEZ, CESAR FRANCISCO",,NO,
FABIAN LEONEL SARMIENTO,"SARMIENTO, FABIAN LEONEL",,NO,
ANDRADE EDUARDO JUAN,"ANDRADE, JUAN EDUARDO",,NO,
CRISTINA GAMBERALE MARIA,"GAMBERALE, MARIA CRISTINA",,NO,
ABEL CARELLI OSVALDO,"CARELLI, OSVALDO ABEL",,NO,
MARCELA PARENGO,"PARENGO, MARCELA",,NO,
DIAZ DORA SUSANA,"DIAZ, SUSANA DORA",,NO,
BRIZUELA MARIA MELISA,"BRIZUELA, MARIA MELISA",,NO,
LUIS NORBERTO ORDAX,"ORDAX, LUIS NORBERTO",,NO,
DARIO KUPERSMIT,"KUPERSMIT, DARIO",,NO,
ARTURO CARLOS JUAREZ,"JUAREZ, CARLOS ARTURO",,NO,
GUSTAVO MARIO ZARATE,"ZARATE, GUSTAVO MARIO",,NO,
JAVIER LUNA MARCELO,"LUNA, MARCELO JAVIER",,NO,
DANIEL JULIO SUEIRO,"SUEIRO, JULIO DANIEL",,NO,
ALVAREZ MARCELO,"ALVAREZ, MARCELO",,NO,
AMATO DANIEL FERNANDO,"AMATO, DANIEL FERNANDO",,NO,
FERRARIS SILVIO,"FERRARIS, SILVIO",,NO,
CARLOS JOVENICH,"JOVENICH, CARLOS",,NO,
EZEQUIEL MARTIN RAMIREZ,"RAMIREZ, MARTIN EZEQUIEL",,NO,
LUIS MARTIN PALOMEQUE,"PALOMEQUE, MARTIN LUIS",,NO,
CROCCO LEONARDO,"CROCCO, LEONARDO",,NO,
MACARENA PALOMEQUE,"PALOMEQUE, MACARENA",,NO,
GREMONE LUCIANO,"GREMONE, LUCIANO",,NO,
CASTELPOGGI CLAUDIO GUSTAVO,"CASTELPOGGI, GUSTAVO CLAUDIO",,NO,
CRISTINA MUNOZ ROSA,"MUÑOZ, ROSA CRISTINA",,NO,
BERTA ELSA URQUIZA,"URQUIZA, ELSA BERTA",,NO,
LENTINI ROBERTO,"LENTINI, ROBERTO",,NO,
ALESSANDRONE JOSE JUAN,"ALESSANDRONE, JUAN JOSE",,NO,
MICAELA MORENO TATIANA,"MORENO, TATIANA MICAELA",,NO,
FULLE WALTER,"FULLE, WALTER",,NO,
CESAR JULIO SUEIRO,"SUEIRO, JULIO CESAR",,NO,
BUONFRATE OSVALDO,"BUONFRATE, OSVALDO",,NO,
DE HOMERO ROCCHI,"DE ROCCHI, HOMERO",,NO,
HAYDEE SCAGLIONE,"SCAGLIONE, HAYDEE",,NO,
DE OSCAR ROCCHI WALTER,"DE ROCCHI, WALTER OSCAR",,NO,
DE LA LLERA MAGALI,"DE LA LLERA, MAGALI",,NO,
BARRIENTOS IRMA,"BARRIENTOS, IRMA",,NO,
DANIEL GUSTAVO TOCCI,"TOCCI, DANIEL GUSTAVO",,NO,
ALBERTO CARLOS ORTELLI,"ORTELLI, CARLOS ALBERTO",,NO,
FONTANELLA MABEL RITA,"FONTANELLA, MABEL RITA",,NO,
BASTARDO DARIO HERNAN,"BASTARDO, HERNAN DARIO",,NO,
DAVENIA SABRINA,"DAVENIA, SABRINA",,NO,
ANA GLADYS ONETTO,"ONETTO, GLADYS ANA",,NO,
ANGEL MIGUEL ORQUERA,"ORQUERA, MIGUEL ANGEL",,NO,
BERTUA MARIANO,"BERTUA, MARIANO",,NO,
EZEQUIEL IGNACIO ORTELLI,"ORTELLI, EZEQUIEL IGNACIO",,NO,
BONGIORNO ERNESTO MARIANO,"BONGIORNO, MARIANO ERNESTO",,NO,
HERNAN KLAICH,"KLAICH, HERNAN",,NO,
ANTONIO JOSE MAZZARA,"MAZZARA, JOSE ANTONIO",,NO,
CARLOS FABRICIO ORTELLI,"ORTELLI, FABRICIO CARLOS",,NO,
ALVAREZ EMANUEL FEDERICO,"ALVAREZ, FEDERICO EMANUEL",,NO,
DIEGO NESTOR SOLDATI,"SOLDATI, DIEGO NESTOR",,NO,
ALFREDO JUSTO SUAREZ,"SUAREZ, ALFREDO JUSTO",,NO,
ALVAREZ JOSE LUIS,"ALVAREZ, JOSE LUIS",,NO,
ALEJANDRO FERNANDEZ MARCELO,"FERNANDEZ, MARCELO ALEJANDRO",,NO,
DANIEL MARCHESE,"MARCHESE, DANIEL",,NO,
ADRIANA RUFFATO,"RUFFATO, ADRIANA",,NO,
CAMILA JAZMIN VILLANUSTRE,"VILLANUSTRE, CAMILA JAZMIN",,NO,
ERNESTO RADONDE,"RADONDE, ERNESTO",,NO,
MARTIN TALLON,"TALLON, MARTIN",,NO,
GRILLO MARIANO,"GRILLO, MARIANO",,NO,
DOMINGO ROBERTO TROIANO,"TROIANO, ROBERTO DOMINGO",,NO,
TOMAS WASSERMAN,"WASSERMAN, TOMAS",,NO,
CASTIELA GUSTAVO,"CASTIELA, GUSTAVO",,NO,
CASSAB LUCAS MARIO,"CASSAB, LUCAS MARIO",,NO,
CAPRISTO VICTORIA,"CAPRISTO, VICTORIA",,NO,
FLAVIO FRIGERIO,"FRIGERIO, FLAVIO",,NO,
CARLOS JUAN MURAD,"MURAD, JUAN CARLOS",,NO,
JAVIER MARCELO MORENO,"MORENO, MARCELO JAVIER",,NO,
JOSE MARIA MARTINO SANCHEZ,"SANCHEZ MARTINO, JOSE MARIA",,NO,
GENTILE MARIANA,"GENTILE, MARIANA",,NO,
GREMONE GUIDO NICOLAS,"GREMONE, GUIDO NICOLAS",,NO,
DIEGO NICOLAS ZUNGRI,"ZUNGRI, DIEGO NICOLAS",,NO,
ALEJANDRO CASTAGNETTI,"CASTAGNETTI, ALEJANDRO",,NO,
ELENA FRANCISCA PEREZ,"PEREZ, ELENA FRANCISCA",,NO,
ALEJANDRA GARRO ISABEL,"GARRO, ALEJANDRA ISABEL",,NO,
ANABEL SARMIENTO SOLEDAD,"SARMIENTO, ANABEL SOLEDAD",,NO,
GIARDINI PABLO,"GIARDINI, PABLO",,NO,
AMALIA FORNABAIO,"FORNABAIO, AMALIA",,NO,
ORLANDO VILA,"VILA, ORLANDO",,NO,
AGUSTIN FERNANDEZ PEREYRA,"FERNANDEZ PEREYRA, AGUSTIN",,NO,
ADOLFO HORACIO RASO,"RASO, ADOLFO HORACIO",,NO,
CARUSO CHRISTIAN EDUARDO,"CARUSO, CHRISTIAN EDUARDO",,NO,
JOSE LIZZANO NICOLAS,"LIZZANO, JOSE NICOLAS",,NO,
GUSTAVO REGES,"REGES, GUSTAVO",,NO,
LO MARIANA TARTARO,"LO TARTARO, MARIANA",,NO,
BRUZZESE DANIEL,"BRUZZESE, DANIEL",,NO,
ARIEL LAMAS OMAR,"LAMAS, ARIEL OMAR",,NO,
MARTINEZ MATIAS,"MARTINEZ, MATIAS",,NO,
PABLO REBOREDO,"REBOREDO, PABLO",,NO,
ADAMO CARLOS JUAREZ,"JUAREZ ADAMO, CARLOS",,NO,
CARLOS COUSO LEANDRO,"COUSO, CARLOS LEANDRO",,NO,
CARLO DE MICAELA,"DE CARLO, MICAELA",,NO,
AMARILLA BEATRIZ EMICE PACE,"PACE, AMARILLA EMICE BEATRIZ",,NO,
HILDA PAULA ZUBIETA,"ZUBIETA, PAULA HILDA",,NO,
KONDRATIUK MARIANO,"KONDRATIUK, MARIANO",,NO,
JAVIER TRIGO VICTOR,"TRIGO, VICTOR JAVIER",,NO,
AGUSTIN MANGANIELLO,"MANGANIELLO, AGUSTIN",,NO,
KIROVSKY NORBERTO,"KIROVSKY, NORBERTO",,NO,
CANDELA RIVABELLA,"RIVABELLA, CANDELA",,NO,
MARCELO XAMENA,"XAMENA, MARCELO",,NO,
FERNANDO MIELE,"MIELE, FERNANDO",,NO,
GALEAZZO VICENTE,"GALEAZZO, VICENTE",,NO,
EDUARDO IGNOTO,"IGNOTO, EDUARDO",,NO,
FEDERICO ZAMORA,"ZAMORA, FEDERICO",,NO,
ALBERTO CARRASCO,"CARRASCO, ALBERTO",,NO,
CHICOTE OSCAR,"CHICOTE, OSCAR",,NO,
CARLOS SEGURA,"SEGURA, CARLOS",,NO,
HUGO JORGE OLIVETTO,"OLIVETTO, JORGE HUGO",,NO,
BERNAL EDUARDO,"BERNAL, EDUARDO",,NO,
ANGEL FIORE MIGUEL,"FIORE, MIGUEL ANGEL",,NO,
LILIANA TAGLIANI,"TAGLIANI, LILIANA",,NO,
ANIBAL GONZALEZ HECTOR,"GONZALEZ, ANIBAL HECTOR",,NO,
SAAVEDRA TOMAS,"SAAVEDRA, TOMAS",,NO,
JORGE SABATER,"SABATER, JORGE",,NO,
GNISCI JORGE JORIO,"GNISCI, JORGE JORIO",,NO,
ANGEL MIGUEL RUIZ,"RUIZ, MIGUEL ANGEL",,NO,
GUSTAVO MIELE,"MIELE, GUSTAVO",,NO,
FERNANDO SANTOS,"SANTOS, FERNANDO",,NO,
GUIDO MOSQUEIRA,"MOSQUEIRA, GUIDO",,NO,
RAUL ROBERTO SUAREZ,"SUAREZ, ROBERTO RAUL",,NO,
CESAR JULIAN QUINTANA,"QUINTANA, CESAR JULIAN",,NO,
FERNANDEZ JULIO,"FERNANDEZ, JULIO",,NO,
GABRIEL GIOSEFFI,"GIOSEFFI, GABRIEL",,NO,
FERNANDO GREGORIO,"GREGORIO, FERNANDO",,NO,
ANTONIO BONOMO,"BONOMO, ANTONIO",,NO,
FIORENZA LUIS,"FIORENZA, LUIS",,NO,
ANGEL LABAJOS MIGUEL,"LABAJOS, MIGUEL ANGEL",,NO,
GASPAROVIC MARIA,"GASPAROVIC, MARIA",,NO,
ALBERTO ANGEL DOMINGUEZ,"DOMINGUEZ, ANGEL ALBERTO",,NO,
FILIPPETTI JORGE,"FILIPPETTI, JORGE",,NO,
ALBERTO CARLOS RUSSO,"RUSSO, CARLOS ALBERTO",,NO,
ALBERTO BUSI,"BUSI, ALBERTO",,NO,
ALBERTO CARLOS FIORE,"FIORE, CARLOS ALBERTO",,NO,
GILLY HORACIO,"GILLY, HORACIO",,NO,
ANTICO JOSE,"ANTICO, JOSE",,NO,
CARLOS JUAN PEREIRA,"PEREIRA, JUAN CARLOS",,NO,
CARRASCO HORACIO,"CARRASCO, HORACIO",,NO,
DIAZ JOSE LUIS,"DIAZ, JOSE LUIS",,NO,
CHICOTE NORBERTO,"CHICOTE, NORBERTO",,NO,
PESARESI RINA,"PESARESI, RINA",,NO,
OSVALDO PIZZARELLI,"PIZZARELLI, OSVALDO",,NO,
GONZALEZ NESTOR,"GONZALEZ, NESTOR",,NO,
ALBERTO CARLOS PENELLO,"PENELLO, CARLOS ALBERTO",,NO,
CARLOS NIETO,"NIETO, CARLOS",,NO,
DANIEL SZTRASBERGER,"SZTRASBERGER, DANIEL",,NO,
LANATTA RODOLFO,"LANATTA, RODOLFO",,NO,
DESTEFANO GUSTAVO,"DESTEFANO, GUSTAVO",,NO,
ESTUMBO MIGUEL,"ESTUMBO, MIGUEL",,NO,
PELIZZER RODOLFO,"PELIZZER, RODOLFO",,NO,
JESUS LAPADULA,"LAPADULA, JESUS",,NO,
DALMIRO LUIS NOVOA,"NOVOA, LUIS DALMIRO",,NO,
GRIPI NORBERTO,"GRIPI, NORBERTO",,NO,
ALFREDO ZEA,"ZEA, ALFREDO",,NO,
ALEJANDRO DANIEL ZEA,"ZEA, DANIEL ALEJANDRO",,NO,
ARISTIDES VICECONTE,"VICECONTE, ARISTIDES",,NO,
TORCASSO VICENTE,"TORCASSO, VICENTE",,NO,
CASTELNUOVO OSCAR,"CASTELNUOVO, OSCAR",,NO,
CARLOS FIURATTI,"FIURATTI, CARLOS",,NO,
GIOSEFFI PEDRO,"GIOSEFFI, PEDRO",,NO,
GALLO NICOLAS,"GALLO, NICOLAS",,NO,
DEL GROSSO PASCUAL,"DEL GROSSO, PASCUAL",,NO,
LIDIA MIRTA PEREZ,"PEREZ, MIRTA LIDIA",,NO,
CARMEN DEL MARIA STRACQUADAINI,"STRACQUADAINI, MARIA DEL CARMEN",,NO,
DE LYDIA NORMA VARRA ZEA,"VARRA DE ZEA, NORMA LYDIA",,NO,
ANGELICA GUERRA,"GUERRA, ANGELICA",,NO,
DIEGO EDUARDO NOVOA,"NOVOA, DIEGO EDUARDO",,NO,
HUGO MARCELO VILLEGAS,"VILLEGAS, HUGO MARCELO",,NO,
CANEVARO CARLOS JUAN,"CANEVARO, JUAN CARLOS",,NO,
DAVID PEREZ SERGIO,"PEREZ, SERGIO DAVID",,NO,
CRISTINA DE MARIA POLLA RODOLFO,"RODOLFO DE POLLA, MARIA CRISTINA",,NO,
ANGELICA DE DELGADO MARIA ROCA,"DELGADO DE ROCA, MARIA ANGELICA",,NO,
DE ELENA GIULI MARTA PENELO,"GIULI DE PENELO, MARTA ELENA",,NO,
BEATRIZ DE LOPEZ MARIA PIZZARELLI,"LOPEZ DE PIZZARELLI, MARIA BEATRIZ",,NO,
ALEJANDRO DE LUIS PRIEGO,"DE PRIEGO, ALEJANDRO LUIS",,NO,
FERNANDO JOSE MONTI,"MONTI, JOSE FERNANDO",,NO,
BAUTISTA JUAN RODRIGUEZ,"RODRIGUEZ, JUAN BAUTISTA",,NO,
ANGEL ANIBAL FORTINO,"FORTIÑO, ANIBAL ANGEL",,NO,
EDUARDO ENRIQUEZ,"ENRIQUEZ, EDUARDO",,NO,
BERENGER EDUARDO,"BERENGER, EDUARDO",,NO,
DAFINOTTI NESTOR,"DAFINOTTI, NESTOR",,NO,
BRUZZESE CARLOS JUAN,"BRUZZESE, JUAN CARLOS",,NO,
IGLESIAS RUBEN,"IGLESIAS, RUBEN",,NO,
FRANCISCO MENOYO,"MENOYO, FRANCISCO",,NO,
ALEJANDRO GUASTALEGNAME JAVIER,"GUASTALEGNAME, JAVIER ALEJANDRO",,NO,
ABADIE JAVIER,"ABADIE, JAVIER",,NO,
CARLA MASELLI,"MASELLI, CARLA",,NO,
GABRIEL MARTINO,"MARTINO, GABRIEL",,NO,
ARRECEYGOR CARLOS,"ARRECEYGOR, CARLOS",,NO,
DE JOAQUIN LA TORRE,"TORRE, JOAQUIN DE LA",,NO,
GONZALO RUANOVA,"RUANOVA, GONZALO",,NO,
CARLA ROSES SABRINA,"ROSES, SABRINA CARLA",,NO,
MARTIN MAZZEO PABLO,"MAZZEO, PABLO MARTIN",,NO,
ALBERTO CARLOS LAMMENS,"LAMMENS, CARLOS ALBERTO",,NO,
EDUARDO GONZALEZ,"GONZALEZ, EDUARDO",,NO,
DIANDA FRANCISCO MARTIN,"DIANDA, MARTIN FRANCISCO",,NO,
GASTON ROCHEARAY,"ROCHEARAY, GASTON",,NO,
CHAHINIAN OSVALDO,"CHAHINIAN, OSVALDO",,NO,
ALBERTO LUIS VELAZQUEZ,"VELAZQUEZ, LUIS ALBERTO",,NO,
ARMANDO GENTILI,"GENTILI, ARMANDO",,NO,
ALEJANDRO CASTANO MARCELO,"CASTAÑO, MARCELO ALEJANDRO",,NO,
GERARDO MENDEZ RUBEN,"MENDEZ, GERARDO RUBEN",,NO,
CARLOS JAVIER PASTOR,"PASTOR, CARLOS JAVIER",,NO,
JAVIER VIEITEZ,"VIEITEZ, JAVIER",,NO,
JOSE MUNDO RICARDO,"MUNDO, JOSE RICARDO",,NO,
GANDARA GONZALEZ HORACIO,"GANDARA GONZALEZ, HORACIO",,NO,
GUSTAVO LAVALLE,"LAVALLE, GUSTAVO",,NO,
ALBERTO CASTRO MATIAS,"CASTRO, MATIAS ALBERTO",,NO,
KESSEL NICOLAS,"KESSEL, NICOLAS",,NO,
ANGEL FERNANDEZ SEBASTIAN,"FERNANDEZ, SEBASTIAN ANGEL",,NO,
COBOS MAURICIO,"COBOS, MAURICIO",,NO,
ALBERTO DEL GROSSO JUAN,"DEL GROSSO, JUAN ALBERTO",,NO,
BUSCAGLIA DARIO MARTIN,"BUSCAGLIA, DARIO MARTIN",,NO,
FACUNDO LOPEZ MOHAMED,"LOPEZ MOHAMED, FACUNDO",,NO,
BARBARA CARELLI,"CARELLI, BARBARA",,NO,
GALE JAVIER JERONIMO,"GALE, JAVIER JERONIMO",,NO,
CRISTINA GIOIA SOLEADAD,"GIOIA, CRISTINA SOLEADAD",,NO,
ALBERTO CANOVIL HORACIO,"CANOVIL, HORACIO ALBERTO",,NO,
IGNACIO JUAN SCARSI,"SCARSI, JUAN IGNACIO",,NO,
VAZQUEZ VERONICA,"VAZQUEZ, VERONICA",,NO,
LEIVA MARTIN,"LEIVA, MARTIN",,NO,
CHRISTIAN DANIEL SANCHEZ,"SANCHEZ, CHRISTIAN DANIEL",,NO,
DANIELA OHANESSIAN,"OHANESSIAN, DANIELA",,NO,
JUAN MANUEL PEREZ,"PEREZ, JUAN MANUEL",,NO,
CACCAVO LUCIANO,"CACCAVO, LUCIANO",,NO,
ALEJANDRO FABIAN LOPES,"LOPES, FABIAN ALEJANDRO",,NO,
MARIANO RAUL SPATA,"SPATA, MARIANO RAUL",,NO,
MARCELO MARIO SANTALLA,"SANTALLA, MARIO MARCELO",,NO,
ANGELO D SERGIO,"D'ANGELO, SERGIO",,NO,
FERRER HUMBERTO JUAN,"FERRER, JUAN HUMBERTO",,NO,
ANTONIO HARDEL MARTIN,"HARDEL, ANTONIO MARTIN",,NO,
LUCIANO MONTEQUIN,"MONTEQUIN, LUCIANO",,NO,
ALEJANDRO HECTOR MON,"MON, ALEJANDRO HECTOR",,NO,
ALEJANDRO MAXIMILIANO MON,"MON, MAXIMILIANO ALEJANDRO",,NO,
IVAN JAVIER SIGAL,"SIGAL, JAVIER IVAN",,NO,
EZEQUIEL MATIAS RAMIREZ,"RAMIREZ, MATIAS EZEQUIEL",,NO,
ALCIDES CHRISTIAN GARZON,"GARZON, CHRISTIAN ALCIDES",,NO,
JUAN PABLO SIFON,"SIFON, JUAN PABLO",,NO,
ALBERTO CARLOS TORINI,"TORINI, CARLOS ALBERTO",,NO,
ERNESTO PIERRO,"PIERRO, ERNESTO",,NO,
CARLOS EDGARDO RODRIGUEZ,"RODRIGUEZ, EDGARDO CARLOS",,NO,
CARLOS FRANCISCO MAIDANA,"MAIDANA, CARLOS FRANCISCO",,NO,
GUSTAVO MARTIN SIGAL,"SIGAL, MARTIN GUSTAVO",,NO,
JUAN OMAR USUBIAGA,"USUBIAGA, JUAN OMAR",,NO,
ALICIA ROSA ZAMORA,"ZAMORA, ALICIA ROSA",,NO,
GUSTAVO GUZMAN,"GUZMAN, GUSTAVO",,NO,
EMILIO FALBO,"FALBO, EMILIO",,NO,
ADOLFO RESNIK,"RESNIK, ADOLFO",,NO,
ALIVERVI BUGALLO CARLOS JUAN,"BUGALLO, JUAN CARLOS ALIVERVI",,NO,
BRUNO LUCIANO,"BRUNO, LUCIANO",,NO,
LANZANI LEONARDO,"LANZANI, LEONARDO",,NO,
ANTONIO BULANIKIAN LEANDRO,"BULANIKIAN, LEANDRO ANTONIO",,NO,
CARDO DANIELA,"CARDO, DANIELA",,NO,
DANIEL PESO,"PESO, DANIEL",,NO,
FLORENCIA KESSEL,"KESSEL, FLORENCIA",,NO,
CLAUDIO GRAPPI,"GRAPPI, CLAUDIO",,NO,
JUAN MIRO,"MIRO, JUAN",,NO,
AGUSTIN RAMARI,"RAMARI, AGUSTIN",,NO,
HOCHBAUM SILVIO,"HOCHBAUM, SILVIO",,NO,
CAMPAGNA JORGE,"CAMPAGNA, JORGE",,NO,
GUSTAVO SANCHEZ,"SANCHEZ, GUSTAVO",,NO,
NICOLAS VITAL,"VITAL, NICOLAS",,NO,
BARROS CARAMES JORGE,"CARAMES, JORGE BARROS",,NO,
GONZALEZ JAVIER,"GONZALEZ, JAVIER",,NO,
CASTRO MATIAS,"CASTRO, MATIAS",,NO,
GERARDO MENDEZ,"MENDEZ, GERARDO",,NO,
BOMBEN ROMINA,"BOMBEN, ROMINA",,NO,
ALBENDIN NICOLAS,"ALBENDIN, NICOLAS",,NO,
ALEJANDRA MARIA URIA,"URIA, MARIA ALEJANDRA",,NO,
DIEGO MARTIN RESNIK,"RESNIK, DIEGO MARTIN",,NO,
AMADEO JORGE SALERNO,"SALERNO, JORGE AMADEO",,NO,
ANTONIO PIERRES,"PIERRES, ANTONIO",,NO,
DARIO POMBO RUBEN,"POMBO, RUBEN DARIO",,NO,
ALEJANDRO HORACIO ROMERO,"ROMERO, ALEJANDRO HORACIO",,NO,
ANTONIO HECTOR VENTRICE,"VENTRICE, ANTONIO HECTOR",,NO,
EZEQUIEL LONGO,"LONGO, EZEQUIEL",,NO,
ENRIQUE LICARI LUIS,"LICARI, LUIS ENRIQUE",,NO,
ALBERTO RICARDO SAPONARE,"SAPONARE, RICARDO ALBERTO",,NO,
OSCAR VERZINO,"VERZINO, OSCAR",,NO,
ANGEL MARTINO MIGUEL,"MARTINO, MIGUEL ANGEL",,NO,
LOPEZ MANUELA MOHAMED,"LOPEZ MOHAMED, MANUELA",,NO,
ALIVERTI CARLOS ROBERTO,"ALIVERTI, ROBERTO CARLOS",,NO,
DIEGO GABRIEL SOFIA,"SOFIA, DIEGO GABRIEL",,NO,
LUCIANA REIMS,"REIMS, LUCIANA",,NO,
ALEJANDRO BONINO JAVIER,"BONINO, JAVIER ALEJANDRO",,NO,
CARDAMA GABRIEL GUSTAVO,"CARDAMA, GABRIEL GUSTAVO",,NO,
ALAN VALLEJOS,"VALLEJOS, ALAN",,NO,
PABLO RUGGERI,"RUGGERI, PABLO",,NO,
RODRIGO VILLAVEIRAN,"VILLAVEIRAN, RODRIGO",,NO,
CHRISTIAN MAYONE,"MAYONE, CHRISTIAN",,NO,
ALIVERTI ROLANDO,"ALIVERTI, ROLANDO",,NO,
ALBAJARI ALBERTO NESTOR,"ALBAJARI, ALBERTO NESTOR",,NO,
MASTROMARINO NESTOR,"MASTROMARINO, NESTOR",,NO,
ENRIQUE FRESNO TULIO,"FRESNO, TULIO ENRIQUE",,NO,
MARIO RODOLFO SPARAPANI,"SPARAPANI, MARIO RODOLFO",,NO,
BRUN LEANDRO SEBASTIAN,"BRUN, LEANDRO SEBASTIAN",,NO,
ADRIAN CHIARELLO MAXIMILIANO,"CHIARELLO, ADRIAN MAXIMILIANO",,NO,
ANDRES LOYATO MARTIN,"LOYATO, MARTIN ANDRES",,NO,
PAYASLIAN SERGIO,"PAYASLIAN, SERGIO",,NO,
CARLOS GARAVAGLIA,"GARAVAGLIA, CARLOS",,NO,
ANA LUCIA MALDONADO,"MALDONADO, ANA LUCIA",,NO,
GARCIAZO MARTIN,"GARCIAZO, MARTIN",,NO,
ANTONIO DEL GROSSO JUAN,"DEL GROSSO, JUAN ANTONIO",,NO,
REIMS VERONICA,"REIMS, VERONICA",,NO,
CANEVA FERNANDO LUCAS,"CANEVA, LUCAS FERNANDO",,NO,
ALFREDO BERTOLDO DAMIAN,"BERTOLDO, DAMIAN ALFREDO",,NO,
ANIBAL LOPEZ SERGIO,"LOPEZ, SERGIO ANIBAL",,NO,
FABIAN MATIAS RODRIGUEZ,"RODRIGUEZ, FABIAN MATIAS",,NO,
ENRIQUEZ JULIAN,"ENRIQUEZ, JULIAN",,NO,
NORA NYDIA ZAPICO,"ZAPICO, NYDIA NORA",,NO,
CAMODECA MARTIN,"CAMODECA, MARTIN",,NO,
AMEZQUETA CARMEN DEL MARIA,"AMEZQUETA, MARIA DEL CARMEN",,NO,
ALEJANDRO BEJAR DANIEL,"BEJAR, ALEJANDRO DANIEL",,NO,
BALDOMIR LUCIANO RODRIGO,"BALDOMIR, RODRIGO LUCIANO",,NO,
DELLEDONNE EMILIO HECTOR,"DELLEDONNE, HECTOR EMILIO",,NO,
DAVID LUZZA NICOLAS,"LUZZA, DAVID NICOLAS",,NO,
BONANNO DAMIAN PABLO,"BONANNO, PABLO DAMIAN",,NO,
MANFREDI RICARDO,"MANFREDI, RICARDO",,NO,
COSTA EDGARDO FABIAN,"COSTA, EDGARDO FABIAN",,NO,
DEL MEDINA OSCAR VALLE,"MEDINA, OSCAR DEL VALLE",,NO,
DIEGO LOMBARDO MARTIN,"LOMBARDO, DIEGO MARTIN",,NO,
ARGENTINA LETTIERI OLGA,"LETTIERI, OLGA ARGENTINA",,NO,
ALBERTO CARLOS RIZZO,"RIZZO, CARLOS ALBERTO",,NO,
CARLA DE JOSE SANDRO,"DE CARLA, JOSE SANDRO",,NO,
ARMANDO RAUL SALTENO,"SALTEÑO, RAUL ARMANDO",,NO,
CESAR GUILLERMO VISCARDI,"VISCARDI, GUILLERMO CESAR",,NO,
EDUARDO JAVIER SALVADOR,"SALVADOR, EDUARDO JAVIER",,NO,
DAMIAN DIAZ MAURO,"DIAZ, DAMIAN MAURO",,NO,
CARRASCO EMANUEL JAVIER MARIANO,"CARRASCO, MARIANO JAVIER EMANUEL",,NO,
CARLOS MARCELO SCHIAVONE,"SCHIAVONE, CARLOS MARCELO",,NO,
ARIEL JORGE SALERNO,"SALERNO, JORGE ARIEL",,NO,
ANTONIO CARLOS SCHIAVONE,"SCHIAVONE, CARLOS ANTONIO",,NO,
ANGELICA DELGADO MARIA,"DELGADO, MARIA ANGELICA",,NO,
JALED MANUEL NORBERTO,"JALED, NORBERTO MANUEL",,NO,
ROCA RODOLFO,"ROCA, RODOLFO",,NO,
CARLOS ENRIQUE TORINI,"TORINI, CARLOS ENRIQUE",,NO,
CAMODECA ROBERTO,"CAMODECA, ROBERTO",,NO,
BUSSO HAYDEE,"BUSSO, HAYDEE",,NO,
ANTONIO ENRIQUE PEDRO,"PEDRO, ANTONIO ENRIQUE",,NO,
FRANCISCO JORGE ROMANELLI,"ROMANELLI, FRANCISCO JORGE",,NO,
ALBERTO CARLOS GARCIA ORLANDO,"GARCIA, CARLOS ALBERTO ORLANDO",,NO,
ALBERTO GONTINAS MANUEL,"GONTIÑAS, ALBERTO MANUEL",,NO,
KIROVSKY NESTOR,"KIROVSKY, NESTOR",,NO,
CARLOS JAVIER SOSA,"SOSA, CARLOS JAVIER",,NO,
MARIANO PABLO SIGAL,"SIGAL, PABLO MARIANO",,NO,
MAURO SANTALLA,"SANTALLA, MAURO",,NO,
BARBA CARLOS,"BARBA, CARLOS",,NO,
BRIUOLI HERNAN NORBERTO,"BRIUOLI, HERNAN NORBERTO",,NO,
AMIGO JUAN MANUEL PEREZ,"PEREZ, AMIGO MANUEL JUAN",,NO,
ANGEL BLANCO ERNESTO,"BLANCO, ERNESTO ANGEL",,NO,
CAVALLERI FRANCISCO OSVALDO,"CAVALLERI, FRANCISCO OSVALDO",,NO,
HECTOR JOSE ROMANO,"ROMANO, HECTOR JOSE",,NO,
LAINO PASCUAL,"LAINO, PASCUAL",,NO,
CIVES GENEROSO JOSE LEMA,"LEMA CIVES, GENEROSO JOSE",,NO,
HECTOR MARCHESE,"MARCHESE, HECTOR",,NO,
DE JUAN PABLO SENA,"DE SENA, JUAN PABLO",,NO,
ANDRES FANTIL FERNANDEZ PABLO,"FERNANDEZ FANTIL, ANDRES PABLO",,NO,
MARIANO SERRANTES,"SERRANTES, MARIANO",,NO,
ARIEL DAMIAN GENOVESSE,"GENOVESSE, DAMIAN ARIEL",,NO,
DANIEL STELLA,"STELLA, DANIEL",,NO,
MENEHEM OMAR,"MENEHEM, OMAR",,NO,
ALEJANDRO SOMOZA,"SOMOZA, ALEJANDRO",,NO,
DELFA GUILLERMO LA PABLO REGNER,"LA DELFA REGNER, PABLO GUILLERMO",,NO,
CRISTIAN PABLO RODRIGUEZ,"RODRIGUEZ, PABLO CRISTIAN",,NO,
FRANCISCO PALADINO,"PALADINO, FRANCISCO",,NO,
CARLOS LORENZO ROBERTO,"LORENZO, ROBERTO CARLOS",,NO,
BECERRA JORGE RUBEN,"BECERRA, RUBEN JORGE",,NO,
ADRIAN ARINO GONZALO,"ARIÑO, ADRIAN GONZALO",,NO,
GUSTAVO LAVILLE MARCELO,"LAVILLE, GUSTAVO MARCELO",,NO,
DE LUCA LUIS MARIA,"DE LUCA, LUIS MARIA",,NO,
JULIAN LUCIANO MONASTERIO,"MONASTERIO, LUCIANO JULIAN",,NO,
DANIEL FERNANDO LOPEZ,"LOPEZ, FERNANDO DANIEL",,NO,
JOSE SONORA,"SOÑORA, JOSE",,NO,
ANTONIO MARAGO,"MARAGO, ANTONIO",,NO,
FLORENCIO JOSE PEREYRA,"PEREYRA, FLORENCIO JOSE",,NO,
ANTONIO GARCIA JOSE,"GARCIA, JOSE ANTONIO",,NO,
GONZALEZ GUIDO RAMIRO,"GONZALEZ, RAMIRO GUIDO",,NO,
BEVACQUA DANIEL JOSE,"BEVACQUA, JOSE DANIEL",,NO,
LADELFA MARCELO PEDRO,"LADELFA, MARCELO PEDRO",,NO,
EDUARDO ENZO ZOPPI,"ZOPPI, ENZO EDUARDO",,NO,
ALBERTO LUIS SUAREZ,"SUAREZ, LUIS ALBERTO",,NO,
ALVARO SANCHEZ,"SANCHEZ, ALVARO",,NO,
GABRIEL MARCONE OSVALDO,"MARCONE, GABRIEL OSVALDO",,NO,
LEANDRO OMAR RICCHETTI,"RICCHETTI, LEANDRO OMAR",,NO,
ALBERTO PELLEGRINO RAUL,"PELLEGRINO, RAUL ALBERTO",,NO,
ALBERTO BERTERO LUIS,"BERTERO, LUIS ALBERTO",,NO,
ALEJANDRO CASTAGNETTI HUMBERTO,"CASTAGNETTI, HUMBERTO ALEJANDRO",,NO,
ANGEL CENTANARO NESTOR,"CENTANARO, NESTOR ANGEL",,NO,
GUSTAVO HARDY JORGE,"HARDY, GUSTAVO JORGE",,NO,
JOSE MARIA TRIVINO VALDEZ,"TRIVIÑO VALDEZ, JOSE MARIA",,NO,
MAZEPA OMAR RODOLFO,"MAZEPA, OMAR RODOLFO",,NO,
ABEL BRONDO JOSE,"BRONDO, ABEL JOSE",,NO,
ALBERTO DANIEL SOTTILE,"SOTTILE, ALBERTO DANIEL",,NO,
EZEQUIEL GUFFANTI OSVALDO,"GUFFANTI, EZEQUIEL OSVALDO",,NO,
ARISTIDES CULOTTA FELIPE RODOLFO,"CULOTTA, ARISTIDES RODOLFO FELIPE",,NO,
OSCAR PABLO VASSALLO,"VASSALLO, PABLO OSCAR",,NO,
GIACOMETTI MARIO OSCAR,"GIACOMETTI, OSCAR MARIO",,NO,
CAAMANO CESAR RICARDO,"CAAMAÑO, RICARDO CESAR",,NO,
ARIEL ENRIQUE RICHETTA,"RICHETTA, ENRIQUE ARIEL",,NO,
GABRIEL MARIANO SISO,"SISO, GABRIEL MARIANO",,NO,
LIEBEHENZ MARCELO PABLO,"LIEBEHENZ, MARCELO PABLO",,NO,
FERNANDO HORACIO SUEIRO,"SUEIRO, HORACIO FERNANDO",,NO,
ALBERTO ROTONDO SERGIO,"ROTONDO, SERGIO ALBERTO",,NO,
ENRIQUE RUBEN SANCHEZ,"SANCHEZ, RUBEN ENRIQUE",,NO,
CARLOS GARCIA JUAN,"GARCIA, JUAN CARLOS",,NO,
JAVIER LUIS MARCHEGGIANO,"MARCHEGGIANO, LUIS JAVIER",,NO,
ANGEL MELGAR MIGUEL,"MELGAR, MIGUEL ANGEL",,NO,
CARDAMA DANIEL GUSTAVO,"CARDAMA, DANIEL GUSTAVO",,NO,
ALEJANDRO GOMEZ WALTER,"GOMEZ, ALEJANDRO WALTER",,NO,
CARLOS CLERC FERNANDO ROLANDO,"CLERC ROLANDO, CARLOS FERNANDO",,NO,
FABIAN MORO NELSON,"MORO, FABIAN NELSON",,NO,
MAXIMILIANO MONETTI REMO,"MONETTI, MAXIMILIANO REMO",,NO,
CARLOS DE JUAN MARCO,"DE MARCO, JUAN CARLOS",,NO,
CALVIELLO OSCAR RAFAEL,"CALVIELLO, RAFAEL OSCAR",,NO,
AUGUSTO DARIO DO FERNANDEZ PORTO,"FERNANDEZ DO PORTO, DARIO AUGUSTO",,NO,
ALBERTO DANIEL STANCATO,"STANCATO, DANIEL ALBERTO",,NO,
NESTOR OMAR PASCALE,"PASCALE, NESTOR OMAR",,NO,
ANTONIO COSTA DA LAURO,"DA COSTA LAURO, ANTONIO",,NO,
MAXIMILIANO PIZARRO,"PIZARRO, MAXIMILIANO",,NO,
ALBERTO JORGE MATIAS,"MATIAS, JORGE ALBERTO",,NO,
DONADIO HUGO RUBEN,"DONADIO, HUGO RUBEN",,NO,
EGUIA HECTOR HORACIO,"EGUIA, HECTOR HORACIO",,NO,
ERNESTO MAXIMINO,"MAXIMINO, ERNESTO",,NO,
DAL JAVIER MOLIN PABLO,"DAL MOLIN, JAVIER PABLO",,NO,
ESTEBAN GALAN NESTOR,"GALAN, ESTEBAN NESTOR",,NO,
ALBERTO GALARRAGA GUSTAVO,"GALARRAGA, GUSTAVO ALBERTO",,NO,
ACUNA GUSTAVO JOSE RODOLFO,"ACUÑA, GUSTAVO RODOLFO JOSE",,NO,
CORNELIO MIGUEL,"CORNELIO, MIGUEL",,NO,
ALFREDO DURAN GUILLERMO,"DURAN, GUILLERMO ALFREDO",,NO,
HERNAN JUAN LITTOLA,"LITTOLA, HERNAN JUAN",,NO,
FLORIO JOSE,"FLORIO, JOSE",,NO,
CARLOS DIAZ JUAN,"DIAZ, JUAN CARLOS",,NO,
ANTONIO BERDINAS MARIO,"BERDIÑAS, ANTONIO MARIO",,NO,
JULIO OSCAR QUINTANA,"QUINTANA, JULIO OSCAR",,NO,
ALEJANDRO CENTANARO MARTIN,"CENTANARO, MARTIN ALEJANDRO",,NO,
ANTONIO CARLOS GAVARAGLIA,"GAVARAGLIA, CARLOS ANTONIO",,NO,
AYALA MARTIN,"AYALA, MARTIN",,NO,
DACAL GUMERSINDO MARIO,"DACAL, GUMERSINDO MARIO",,NO,
GROTTOLA NICOLAS NORBERTO,"GROTTOLA, NORBERTO NICOLAS",,NO,
ALBERTO ALVAREZ JORGE,"ALVAREZ, JORGE ALBERTO",,NO,
GUILLERMO OSVALDO SOLLA,"SOLLA, OSVALDO GUILLERMO",,NO,
JOSE VIEITEZ,"VIEITEZ, JOSE",,NO,
EZEQUIEL FARAH MATIAS,"FARAH, MATIAS EZEQUIEL",,NO,
ALDO LUIS RIOLFI,"RIOLFI, ALDO LUIS",,NO,
CLAUDIO GONZALEZ RAFAEL,"GONZALEZ, CLAUDIO RAFAEL",,NO,
LAURENS MARTIN ROBERTO,"LAURENS, ROBERTO MARTIN",,NO,
PACE RAFAEL VICENTE,"PACE, RAFAEL VICENTE",,NO,
CHEZZIO JOSE JUAN,"CHEZZIO, JUAN JOSE",,NO,
ANTONIO DANIE MARCHESE,"MARCHESE, ANTONIO DANIE",,NO,
ARTURO EGARRAT GABRIEL,"EGARRAT, GABRIEL ARTURO",,NO,
ARIEL BECERRA CRISTIAN,"BECERRA, CRISTIAN ARIEL",,NO,
DANIEL GUILLERMO PITTALUGA,"PITTALUGA, DANIEL GUILLERMO",,NO,
BENEDETTI ENRIQUE JORGE,"BENEDETTI, JORGE ENRIQUE",,NO,
ALVAREZ EZEQUIEL JOSE,"ALVAREZ, JOSE EZEQUIEL",,NO,
FABIO MARCEL OGAS,"OGAS, FABIO MARCEL",,NO,
DAVID DISENFELD MARTIN,"DISENFELD, MARTIN DAVID",,NO,
ANGEL MIGUEL MITELLI,"MITELLI, MIGUEL ANGEL",,NO,
ARIEL BORDOLI MARTIN,"BORDOLI, ARIEL MARTIN",,NO,
ENRIQUE LARRANDART,"LARRANDART, ENRIQUE",,NO,
HERNAN JAVIER OGAS,"OGAS, JAVIER HERNAN",,NO,
FERNANDO MAZZAGLIA SALVADOR,"MAZZAGLIA, SALVADOR FERNANDO",,NO,
ARCE CARLOS JUAN,"ARCE, JUAN CARLOS",,NO,
ARIEL MATIAS MEREGONE,"MEREGONE, ARIEL MATIAS",,NO,
PEREZ RAUL ULISES,"PEREZ, ULISES RAUL",,NO,
GARNICA HUGO ROBERTO,"GARNICA, HUGO ROBERTO",,NO,
ALDO ARAVENA FABIAN,"ARAVENA, ALDO FABIAN",,NO,
CAPALBO MARIANO NICOLAS,"CAPALBO, MARIANO NICOLAS",,NO,
NORBERTO ROMEO ZACCARO,"ZACCARO, NORBERTO ROMEO",,NO,
CARLOS GONZALEZ GUILLERMO,"GONZALEZ, GUILLERMO CARLOS",,NO,
ANTONIO MUNDO,"MUNDO, ANTONIO",,NO,
ALVAREZ POUSA ROGELIO,"ALVAREZ POUSA, ROGELIO",,NO,
FERNANDEZ RAUL,"FERNANDEZ, RAUL",,NO,
CARLOS JUAN PERTUZZO,"PERTUZZO, JUAN CARLOS",,NO,
CLAUDIO NELSON TANA,"TANA, NELSON CLAUDIO",,NO,
ANDRES JOSE VENTRE,"VENTRE, JOSE ANDRES",,NO,
CAO JUAN,"CAO, JUAN",,NO,
ALALUF DAMIAN ESTEBAN,"ALALUF, DAMIAN ESTEBAN",,NO,
DE JOSE MARIA SAENZ TEJADA,"SAENZ DE TEJADA, JOSE MARIA",,NO,
GERMAN NICODEMO SILVIO,"NICODEMO, SILVIO GERMAN",,NO,
ANGEL DOALLO MIGUEL,"DOALLO, MIGUEL ANGEL",,NO,
CARLOS FERRADAS ROBERTO,"FERRADAS, CARLOS ROBERTO",,NO,
ALBERTO JOSE PRAIGROD,"PRAIGROD, JOSE ALBERTO",,NO,
FALDUTO GENARO RUBEN,"FALDUTO, RUBEN GENARO",,NO,
ENRIQUEZ JULIAN PABLO,"ENRIQUEZ, JULIAN PABLO",,NO,
DANIEL FERNANDO PEREZ,"PEREZ, FERNANDO DANIEL",,NO,
ENRIQUE JUAN TRIGO,"TRIGO, JUAN ENRIQUE",,NO,
FRANCISCO PAPASSO,"PAPASSO, FRANCISCO",,NO,
ANGEL ANTONIO RABASCALL,"RABASCALL, ANGEL ANTONIO",,NO,
BASILE JOSE LUIS,"BASILE, JOSE LUIS",,NO,
BLOISE GENEROSO LEONARDO,"BLOISE, GENEROSO LEONARDO",,NO,
ALBERTO JOSE RODRIGUEZ,"RODRIGUEZ, ALBERTO JOSE",,NO,
DAVERIO JORGE LUIS,"DAVERIO, LUIS JORGE",,NO,
DAMIAN LOPEZ RICARDO,"LOPEZ, RICARDO DAMIAN",,NO,
HERNAN LIONEL NEGRELLO,"NEGRELLO, LIONEL HERNAN",,NO,
ALBERTO HECTOR MANGONE,"MANGONE, HECTOR ALBERTO",,NO,
CARLOS IGNACIO NOLAZCO,"NOLAZCO, IGNACIO CARLOS",,NO,
RAUL ROBERTO TROIANI,"TROIANI, ROBERTO RAUL",,NO,
ERNESTO JORGE TOMASELLI,"TOMASELLI, JORGE ERNESTO",,NO,
ADRIAN NORBERTO PORCO,"PORCO, ADRIAN NORBERTO",,NO,
ALBERTO DURAN FEDERICO,"DURAN, FEDERICO ALBERTO",,NO,
BATLLE GONZALO PABLO SANCHEZ,"BATLLE SANCHEZ, PABLO GONZALO",,NO,
ALBERTO GONTINAS GUSTAVO,"GONTIÑAS, GUSTAVO ALBERTO",,NO,
DI DOMINGO LORENZO,"DI LORENZO, DOMINGO",,NO,
ARIEL FIGUEIRAS MAXIMILIANO,"FIGUEIRAS, ARIEL MAXIMILIANO",,NO,
GABRIEL LUZZANI RICARDO,"LUZZANI, GABRIEL RICARDO",,NO,
GARCIA JOSE RAMON,"GARCIA, JOSE RAMON",,NO,
JAVIER LOPEZ RODRIGO,"LOPEZ, RODRIGO JAVIER",,NO,
ALBERTO CARLOS LAPELOSA,"LAPELOSA, CARLOS ALBERTO",,NO,
CARIA DE JOSE SANDRO,"DE CARIA, JOSE SANDRO",,NO,
ARTURO CARLOS GANDARA,"GANDARA, CARLOS ARTURO",,NO,
CALVIELLO GRIMAL JUAN MARCOS OSCAR,"CALVIELLO GRIMAL, JUAN MARCOS OSCAR",,NO,
CARLOS PIRONI ROMEO,"PIRONI, CARLOS ROMEO",,NO,
BIANCO GERMAN LEONARDO,"BIANCO, LEONARDO GERMAN",,NO,
ADRIAN GABRIEL LOSADA MOREIRAS,"MOREIRAS LOSADA, GABRIEL ADRIAN",,NO,
MARCELO MASTROSIMONE MIGUEL,"MASTROSIMONE, MIGUEL MARCELO",,NO,
AUGUSTO CESAR DEYMONNAZ,"DEYMONNAZ, CESAR AUGUSTO",,NO,
CARLOS JUAN SERRANO,"SERRANO, JUAN CARLOS",,NO,
EDUARDO NORBERTO SOARES,"SOARES, NORBERTO EDUARDO",,NO,
FERNANDO GAMBACCINI,"GAMBACCINI, FERNANDO",,NO,
MARZANO NORBERTO PABLO,"MARZANO, NORBERTO PABLO",,NO,
DAMIAN GUSTAVO MARINI,"MARINI, DAMIAN GUSTAVO",,NO,
CORNELIO DAMIAN PABLO,"CORNELIO, PABLO DAMIAN",,NO,
MARCELO MARIOSA WALTER,"MARIOSA, MARCELO WALTER",,NO,
GONZALEZ HUMBERTO SALVADOR,"GONZALEZ, HUMBERTO SALVADOR",,NO,
ALBERTO GUILLERMO PANUCCIO,"PANUCCIO, GUILLERMO ALBERTO",,NO,
HUGO LEONI NORBERTO,"LEONI, NORBERTO HUGO",,NO,
MOLTENI NILDA,"MOLTENI, NILDA",,NO,
ALEJANDRA MARIA MARTINEZ,"MARTINEZ, MARIA ALEJANDRA",,NO,
GUSTAVO JORGE KRAPRIDIAN,"KRAPRIDIAN, GUSTAVO JORGE",,NO,
GERON OMAR RUBEN,"GERON, RUBEN OMAR",,NO,
ARIEL FERNANDO MATTIA,"MATTIA, FERNANDO ARIEL",,NO,
GEBRUERS MARIANO NESTOR,"GEBRUERS, NESTOR MARIANO",,NO,
JOSE MONEA,"MONEA, JOSE",,NO,
ARIZA LIDIA OLGA,"ARIZA, OLGA LIDIA",,NO,
MIGUEL SIANO SILVIO,"SIANO, SILVIO MIGUEL",,NO,
DIAZ ESTER HILDA,"DIAZ, HILDA ESTER",,NO,
BENNARDIS OSCAR SERGIO,"BENNARDIS, SERGIO OSCAR",,NO,
ANGEL MARQUEZ OSVALDO,"MARQUEZ, ANGEL OSVALDO",,NO,
ALANIZ AMBROSIO EDGARDO,"ALANIZ, EDGARDO AMBROSIO",,NO,
CARLOS FRANCISCO MARELLO,"MARELLO, CARLOS FRANCISCO",,NO,
ALBERTO SODANO,"SODANO, ALBERTO",,NO,
D DE JUANA MARAGO URZO,"MARAGO DE D URZO, JUANA",,NO,
FABIAN LLERENA MARCELO,"LLERENA, FABIAN MARCELO",,NO,
HERNANDO MARIO ZIROLLI,"ZIROLLI, MARIO HERNANDO",,NO,
ANTONIO FERNANDEZ LUIS,"FERNANDEZ, LUIS ANTONIO",,NO,
RODOLFO SILVA,"SILVA, RODOLFO",,NO,
GUIDO MARTIN OLIVETTO,"OLIVETTO, GUIDO MARTIN",,NO,
ALBERTO FRACHIA JOSE,"FRACHIA, JOSE ALBERTO",,NO,
LORENZO LUIS SERGIO,"LORENZO, SERGIO LUIS",,NO,
ELICES FERNANDO HERNAN SOTO,"SOTO ELICES, FERNANDO HERNAN",,NO,
BALCARCE EDUARDO JESUS OYHANART RAUL,"OYHANART BALCARCE, RAUL EDUARDO JESUS",,NO,
DI GUSTAVO MECO RAFAEL,"DI MECO, RAFAEL GUSTAVO",,NO,
JUAN MATIAS REY,"REY, MATIAS JUAN",,NO,
DOMINGO JOSE MORICONI,"MORICONI, DOMINGO JOSE",,NO,
DANIEL ORLANDO SEBASTIAN,"ORLANDO, DANIEL SEBASTIAN",,NO,
D PABLO URZO,"D URZO, PABLO",,NO,
ESPINOSA FERNANDO,"ESPINOSA, FERNANDO",,NO,
HECTOR MENDOZI VICENTE,"MENDOZI, VICENTE HECTOR",,NO,
CARLOS MUNIZ VICTOR,"MUÑIZ, VICTOR CARLOS",,NO,
CAVALLO DAMIAN ESTEBAN,"CAVALLO, ESTEBAN DAMIAN",,NO,
FRANCISCO RANIELI,"RANIELI, FRANCISCO",,NO,
EDUARDO HERNAN TOMASSI,"TOMASSI, EDUARDO HERNAN",,NO,
DIEGO PABLO SOLLA,"SOLLA, PABLO DIEGO",,NO,
CARMEN DEL MARIA PEREZ RAMOS,"RAMOS PEREZ, MARIA DEL CARMEN",,NO,
FERNANDEZ MARCELO RODOLFO,"FERNANDEZ, RODOLFO MARCELO",,NO,
ACCAME IGNACIO JUAN,"ACCAME, JUAN IGNACIO",,NO,
ARIEL LEONARDO MATIAS,"MATIAS, LEONARDO ARIEL",,NO,
FERNANDO GARCIA JORGE,"GARCIA, JORGE FERNANDO",,NO,
LODIGIANI NOEMI NORMA,"LODIGIANI, NOEMI NORMA",,NO,
ELIZABETH MARIA SUSANA ZOPPI,"ZOPPI, MARIA ELIZABETH SUSANA",,NO,
CARLOS GANINO PASCUAL,"GANINO, CARLOS PASCUAL",,NO,
ALTOBELLI JORGE MANUEL,"ALTOBELLI, JORGE MANUEL",,NO,
LUIS MARIANO VIALE,"VIALE, MARIANO LUIS",,NO,
ALBERTO ANTONIO BASTIDA,"BASTIDA, ALBERTO ANTONIO",,NO,
ALFREDO PEDRO ZEA,"ZEA, ALFREDO PEDRO",,NO,
ADRIAN DIEGO LOZANO,"LOZANO, ADRIAN DIEGO",,NO,
APECECHE MARTIN,"APECECHE, MARTIN",,NO,
HERMIDA JOSE LUIS SANCHEZ,"SANCHEZ HERMIDA, JOSE LUIS",,NO,
CLAUDIA CRISTINA FIGUEROA,"FIGUEROA, CLAUDIA CRISTINA",,NO,
CARLOS CRISTIAN LONGOBARDI,"LONGOBARDI, CRISTIAN CARLOS",,NO,
ANGEL DIB VICTOR,"DIB, VICTOR ANGEL",,NO,
ALEJANDRO HERNAN MELANA,"MELANA, ALEJANDRO HERNAN",,NO,
PUTRINO ROBERTO,"PUTRINO, ROBERTO",,NO,
ELIAS JOSE ZAIBAC,"ZAIBAC, JOSE ELIAS",,NO,
FEDERICO MARTIN VARSI,"VARSI, FEDERICO MARTIN",,NO,
GUERRA HUGO NESTOR,"GUERRA, NESTOR HUGO",,NO,
ALBERTO PABLO ROTGER,"ROTGER, PABLO ALBERTO",,NO,
FABIAN OSCAR PASTEUR,"PASTEUR, OSCAR FABIAN",,NO,
JORGE LUIS PUENTE,"PUENTE, JORGE LUIS",,NO,
AISA JOSE MIGUEL,"AISA, MIGUEL JOSE",,NO,
GUILLERMO VITALE,"VITALE, GUILLERMO",,NO,
ALBERTO CARLOS GONZALEZ,"GONZALEZ, CARLOS ALBERTO",,NO,
EDGARDO JORGE MOEREMANS,"MOEREMANS, EDGARDO JORGE",,NO,
ALICIA MARTA PALMIERI,"PALMIERI, ALICIA MARTA",,NO,
CORMENZANA FELIX JAVIER,"CORMENZANA, FELIX JAVIER",,NO,
BARNES HUGO NESTOR,"BARNES, HUGO NESTOR",,NO,
BALASINI LEANDRO MARTIN,"BALASINI, LEANDRO MARTIN",,NO,
DANIEL MARCOS SEHINKMAN,"SEHINKMAN, MARCOS DANIEL",,NO,
ANDRES NORBERTO SEPULVEDA,"SEPULVEDA, NORBERTO ANDRES",,NO,
CARRANZA FERNANDO MARIANO,"CARRANZA, MARIANO FERNANDO",,NO,
CRISTIAN DANIEL RAGONESE,"RAGONESE, CRISTIAN DANIEL",,NO,
ALLO ANGEL MIGUEL,"ALLO, MIGUEL ANGEL",,NO,
DAMIAN ESTEBAN SAIZ,"SAIZ, DAMIAN ESTEBAN",,NO,
ALEJANDRO LUIS ORDAX,"ORDAX, ALEJANDRO LUIS",,NO,
DAMIAN FRANCISCO MUNDO,"MUNDO, FRANCISCO DAMIAN",,NO,
DANIEL JORGE RAGONESE,"RAGONESE, DANIEL JORGE",,NO,
MORENO PEDRO SIMON,"MORENO, SIMON PEDRO",,NO,
ALBERTO CLAUDO DIZEO,"DIZEO, CLAUDO ALBERTO",,NO,
GUSTAVO JULIO LUZZANI,"LUZZANI, GUSTAVO JULIO",,NO,
ANTONIO AZNAR HECTOR,"AZNAR, HECTOR ANTONIO",,NO,
DANIEL GERARDO MASTROIANNI,"MASTROIANNI, DANIEL GERARDO",,NO,
AZUCENA RODRIGUEZ SILVIA,"RODRIGUEZ, SILVIA AZUCENA",,NO,
BERNARDO KARGMAN NESTOR,"KARGMAN, NESTOR BERNARDO",,NO,
HUGO RUBEN ZEOLI,"ZEOLI, RUBEN HUGO",,NO,
ENRIQUE MILLAN RICARDO,"MILLAN, RICARDO ENRIQUE",,NO,
CORBO MIGUEL PABLO,"CORBO, PABLO MIGUEL",,NO,
8927 BUSSO HAYDEE,"BUSSO, HAYDEE 8927",,NO,
FONTANA NORBERTO OSVALDO,"FONTANA, OSVALDO NORBERTO",,NO,
DARIO FERNANDO PAPA,"PAPA, DARIO FERNANDO",,NO,
JOSE MOLINA,"MOLINA, JOSE",,NO,
BELLA DI GUSTAVO,"DI BELLA, GUSTAVO",,NO,
AMADEO NATALI NORBERTO,"NATALI, NORBERTO AMADEO",,NO,
CHANAMPA OSCAR RUBEN,"CHANAMPA, RUBEN OSCAR",,NO,
MANUEL NOUCHE ROBERTO,"NOUCHE, ROBERTO MANUEL",,NO,
ALFREDO FERNANDEZ JULIO,"FERNANDEZ, JULIO ALFREDO",,NO,
FLAVIO NESSI REINALDO,"NESSI, FLAVIO REINALDO",,NO,
DE ESTEBAN JAVIER MONTES OCA,"MONTES DE OCA, ESTEBAN JAVIER",,NO,
ANTONIO HERNAN MUNDO,"MUNDO, HERNAN ANTONIO",,NO,
HECTOR HORACIO ZEA,"ZEA, HECTOR HORACIO",,NO,
ANDRES EMILIO LENCE,"LENCE, ANDRES EMILIO",,NO,
ANGEL FRANZESE MIGUEL,"FRANZESE, MIGUEL ANGEL",,NO,
HERNAN JUNCAL RODRIGO,"JUNCAL, HERNAN RODRIGO",,NO,
ALBERTO BAHAMON LUIS ZIROLLI,"ZIROLLI BAHAMON, LUIS ALBERTO",,NO,
BUSSO DARIO NORLIS RODRIGUEZ,"RODRIGUEZ BUSSO, DARIO NORLIS",,NO,
FRANCISCO GEBHARDT MARIA,"GEBHARDT, FRANCISCO MARIA",,NO,
DI JOSE LUCIANO VICTOR,"DI LUCIANO, VICTOR JOSE",,NO,
DONATI JOSE MARIA,"DONATI, JOSE MARIA",,NO,
ALBAMONTE ANGEL PABLO,"ALBAMONTE, PABLO ANGEL",,NO,
MACEDONIA MARIO RICARDO,"MACEDONIA, RICARDO MARIO",,NO,
DOMINGO GALEAZZO VICENTE,"GALEAZZO, VICENTE DOMINGO",,NO,
RIBAS ROBERTO,"RIBAS, ROBERTO",,NO,
JOSE LUIS TORREGROSA,"TORREGROSA, JOSE LUIS",,NO,
CARMELO PIZARRO VICENTE,"PIZARRO, CARMELO VICENTE",,NO,
FABIAN LLENERA MARCELO,"LLENERA, FABIAN MARCELO",,NO,
HORACIO JORGE SANTISO,"SANTISO, HORACIO JORGE",,NO,
ALEJANDRO CULTURANO GUSTAVO R,"R. CULTURANO, GUSTAVO ALEJANDRO",,NO,
GARCIA JORGE,"GARCIA, JORGE",,NO,
ANGEL ENRIQUE LOPEZ,"LOPEZ, ANGEL ENRIQUE",,NO,
ITALO JOSE MASSA,"MASSA, ITALO JOSE",,NO,
CARLOS CAVAGNARO JUAN,"CAVAGNARO, JUAN CARLOS",,NO,
JORGE VICENTE VILAS,"VILAS, VICENTE JORGE",,NO,
LANATTA RICARDO RODOLFO,"LANATTA, RODOLFO RICARDO",,NO,
COSTA EMILIO,"COSTA, EMILIO",,NO,
BUCCINO OSVALDO,"BUCCINO, OSVALDO",,NO,
DANIEL JORGE MASSIRONI,"MASSIRONI, DANIEL JORGE",,NO,
DACAL GUMERSINDO,"GUMERSINDO, DACAL",,NO,
ALBERTO CARLOS RIERA,"RIERA, CARLOS ALBERTO",,NO,
BOCCALATTE OMAR RUBEN,"BOCCALATTE, RUBEN OMAR",,NO,
DANIEL DANILOV JORGE,"DANILOV, DANIEL JORGE",,NO,
ATILIO URTIAGA VICTOR,"URTIAGA, VICTOR ATILIO",,NO,
ALBERTO CARLOS LOPEZ,"LOPEZ, CARLOS ALBERTO",,NO,
ALFREDO PABLO VILLANO,"VILLANO, PABLO ALFREDO",,NO,
AMADEO NATALI NOBERTO,"NATALI, NOBERTO AMADEO",,NO,
HECTOR SLUGA,"SLUGA, HECTOR",,NO,
HERNAN MARTIN SAN,"SAN MARTIN, HERNAN",,NO,
HERNAN SEOANE,"SEOANE, HERNAN",,NO,
GOSSO LUIS,"GOSSO, LUIS",,NO,
AGUSTIN SANCHEZ,"SANCHEZ, AGUSTIN",,NO,
AVELLA RUBEN,"AVELLA, RUBEN",,NO,
ANGEL LOPEZ,"LOPEZ, ANGEL",,NO,
EIRAS ENRIQUE GONZALEZ,"GONZALEZ EIRAS, ENRIQUE",,NO,
FERNANDO GONZALO LASTRA,"GONZALO LASTRA, FERNANDO",,NO,
GUSTAVO MARMESHTEIN MIYAR,"MARMESHTEIN MIYAR, GUSTAVO",,NO,
JORGE PASTORINI,"PASTORINI, JORGE",,NO,
PERETTA ROQUE,"PERETTA, ROQUE",,NO,
MARCOLINO OSCAR,"MARCOLINO, OSCAR",,NO,
ALEJANDRO EGLIS,"EGLIS, ALEJANDRO",,NO,
ALBERTO GUIL,"GUIL, ALBERTO",,NO,
JUAN PABLO SPERANZA,"SPERANZA, JUAN PABLO",,NO,
RICARDO ROMERO,"ROMERO, RICARDO",,NO,
KONDRATIUK PEDRO,"KONDRATIUK, PEDRO",,NO,
CARLOS VITA,"VITA, CARLOS",,NO,
GUERRA NESTOR,"GUERRA, NESTOR",,NO,
FERNANDO LOPEZ,"LOPEZ, FERNANDO",,NO,
MELGAR MIGUEL,"MELGAR, MIGUEL",,NO,
LORENZO NORBERTO,"LORENZO, NORBERTO",,NO,
ALBERTO DEAN,"DEAN, ALBERTO",,NO,
HORACIO ROSAMO,"ROSAMO, HORACIO",,NO,
DONNARUMMA OSVALDO,"DONNARUMMA, OSVALDO",,NO,
OSCAR RIZZO,"RIZZO, OSCAR",,NO,
GARCIA RICARDO,"GARCIA, RICARDO",,NO,
FERNANDEZ JULIO TORRES,"FERNANDEZ TORRES, JULIO",,NO,
JOSE MARAGO,"MARAGO, JOSE",,NO,
DANIEL PRADO,"PRADO, DANIEL",,NO,
ALBERTI CARLOS JUAN,"ALBERTI, JUAN CARLOS",,NO,
CARLOS PENELLO,"PENELLO, CARLOS",,NO,
ANTONIO PRADO,"PRADO, ANTONIO",,NO,
ARGENTO JUAN,"ARGENTO, JUAN",,NO,
ANDRES MANGAS,"MANGAS, ANDRES",,NO,
ALEJANDRO DE OYARBIDE,"DE OYARBIDE, ALEJANDRO",,NO,
CENTENARO NESTOR,"CENTENARO, NESTOR",,NO,
MARCOS SEHINKMAN,"SEHINKMAN, MARCOS",,NO,
FIURATTI MARTIN,"FIURATTI, MARTIN",,NO,
FERNANDEZ LEONARDO,"FERNANDEZ, LEONARDO",,NO,
ALBERTO SOTTILE,"SOTTILE, ALBERTO",,NO,
ENRIQUE GODOY,"GODOY, ENRIQUE",,NO,
EDGARDO HUGO RUIZ,"RUIZ, HUGO EDGARDO",,NO,
MAS MIGUEL,"MAS, MIGUEL",,NO,
DANIEL MASSINORI,"MASSINORI, DANIEL",,NO,
GARGIULO HORACIO,"GARGIULO, HORACIO",,NO,
ALESSANDRO CARLOS D EDUARDO,"D'ALESSANDRO, CARLOS EDUARDO",,NO,
HUMBERTO MORELLO SANTOS,"MORELLO, SANTOS HUMBERTO",,NO,
RAFAEL SAVINO,"SAVINO, RAFAEL",,NO,
ALBERTO ELIAS ZAIN,"ZAIN, ELIAS ALBERTO",,NO,
DAFFINOTI NESTOR,"DAFFINOTI, NESTOR",,NO,
HORACIO MANGONE OSCAR,"MANGONE, OSCAR HORACIO",,NO,
OSCAR SAIZ VICENTE,"SAIZ, OSCAR VICENTE",,NO,
CARLOS DATRIA,"DATRIA, CARLOS",,NO,
FABIAN GARCIA OSCAR,"GARCIA, FABIAN OSCAR",,NO,
PALADINO PASCUAL,"PALADINO, PASCUAL",,NO,
CARLOS JUAN NAVARRO,"NAVARRO, JUAN CARLOS",,NO,
HECTOR MARTIN SAN VALENTIN,"SAN MARTIN, VALENTIN HECTOR",,NO,
ALBERTO BENITO LOPEZ,"LOPEZ, ALBERTO BENITO",,NO,
JULIO PASSARELLI,"PASSARELLI, JULIO",,NO,
BERNAL JOSE LUIS,"BERNAL, JOSE LUIS",,NO,
CARLOS JUAN TEMEZ,"TEMEZ, JUAN CARLOS",,NO,
HECTOR VIESCA,"VIESCA, HECTOR",,NO,
ALIANO RICARDO SERGIO,"ALIANO, SERGIO RICARDO",,NO,
BERNARSCHINA HECTOR,"BERNARSCHINA, HECTOR",,NO,
LOPEZ LUIS,"LOPEZ, LUIS",,NO,
ALDREY JORGE,"ALDREY, JORGE",,NO,
MATAS MIGUEL,"MATAS, MIGUEL",,NO,
DIAZ JOSE JUAN,"DIAZ, JUAN JOSE",,NO,
LARRANDART NESTOR,"LARRANDART, NESTOR",,NO,
GRINBERG ISAIAS RAUL,"GRINBERG, RAUL ISAIAS",,NO,
GUILLERMO ZOPPI,"ZOPPI, GUILLERMO",,NO,
EZEIZA MARCELO OSCAR,"EZEIZA, MARCELO OSCAR",,NO,
ENRIQUE GONZALEZ,"GONZALEZ, ENRIQUE",,NO,
PIETRUSEWICZ RICARDO,"PIETRUSEWICZ, RICARDO",,NO,
GUSTAVO MIYAR,"MIYAR, GUSTAVO",,NO,
BRONDO JOSE,"BRONDO, JOSE",,NO,
ALBERTO CASTRO CURSI JOSE,"CURSI CASTRO, ALBERTO JOSE",,NO,
AUGUSTO GRILLO MARIANO,"GRILLO, MARIANO AUGUSTO",,NO,
ADOLFO BOTTE,"BOTTE, ADOLFO",,NO,
MANUEL ROBERTO TEVES,"TEVES, MANUEL ROBERTO",,NO,
HECTOR RODRIGUEZ,"RODRIGUEZ, HECTOR",,NO,
DANIEL GONZALEZ,"GONZALEZ, DANIEL",,NO,
AMOR GONZALEZ HECTOR,"GONZALEZ, AMOR HECTOR",,NO,
CAETANO MARIA TABOAS,"TABOAS CAETANO, MARIA",,NO,
FERRARI JUAN,"FERRARI, JUAN",,NO,
NORBERTO ZACCARO,"ZACCARO, NORBERTO",,NO,
ANGEL DOMINGUEZ,"DOMINGUEZ, ANGEL",,NO,
ANTONIO ARMESTO,"ARMESTO, ANTONIO",,NO,
CALLEGARI JURIO,"CALLEGARI, JURIO",,NO,
DOMINGUEZ GALEAZZO VICENTE,"GALEAZZO, VICENTE DOMINGUEZ",,NO,
JUAN PEREIRA,"PEREIRA, JUAN",,NO,
FERNANDEZ JUAN PETTINATO,"FERNANDEZ PETTINATO, JUAN",,NO,
CARBAJO PABLO,"CARBAJO, PABLO",,NO,
CARLOS POLICASTRO,"POLICASTRO, CARLOS",,NO,
FERNANDEZ GUILLERMO,"FERNANDEZ, GUILLERMO",,NO,
PELLIZER RODOLFO,"PELLIZER, RODOLFO",,NO,
JORGE PASTORINO,"PASTORINO, JORGE",,NO,
ABDEL MENEHEM,"MENEHEM, ABDEL",,NO,
BUTELER DELFIN,"BUTELER, DELFIN",,NO,
PERRONE RAFAEL,"PERRONE, RAFAEL",,NO,
BILBAO MARIA,"BILBAO, MARIA",,NO,
DERMINJIAN EDUARDO,"DERMINJIAN, EDUARDO",,NO,
ANTONIO BUCCINO,"BUCCINO, ANTONIO",,NO,
ALBERTO DE LUCCA,"DE LUCCA, ALBERTO",,NO,
CARLOS GUGLIETTI JUAN,"GUGLIETTI, JUAN CARLOS",,NO,
MANUEL VARELA,"VARELA, MANUEL",,NO,
ALFONSO MILLAN,"MILLAN, ALFONSO",,NO,
GUIDO MOSQUEIRA OSCAR,"MOSQUEIRA, GUIDO OSCAR",,NO,
ALBERTO CARLOS SEGURA,"SEGURA, CARLOS ALBERTO",,NO,
BERNAL EDUARDO RUBEN,"BERNAL, EDUARDO RUBEN",,NO,
BREA JORGE MARIO,"BREA, MARIO JORGE",,NO,
FRAGA JOSE MANUEL,"FRAGA, JOSE MANUEL",,NO,
FRANCISCO MAZZA,"MAZZA, FRANCISCO",,NO,
ADAMEZ RUBEN,"ADAMEZ, RUBEN",,NO,
ALBERTO BALDIZZONE OSVALDO,"BALDIZZONE, ALBERTO OSVALDO",,NO,
BERNAL NESTOR,"BERNAL, NESTOR",,NO,
ALBERTO CARLOS GARAVAGLIA,"GARAVAGLIA, CARLOS ALBERTO",,NO,
ALBERTO CARLOS SACCAN,"SACCAN, CARLOS ALBERTO",,NO,
ANTONIO BUZZO MAXIMO,"BUZZO, MAXIMO ANTONIO",,NO,
LEANDRO REY SALVADOR,"REY, LEANDRO SALVADOR",,NO,
JUAN MOLINA,"MOLINA, JUAN",,NO,
MORELLO SANTOS,"MORELLO, SANTOS",,NO,
CARLOS GARCIA JOSE,"GARCIA, CARLOS JOSE",,NO,
ATILIO JOSE PALETTA,"PALETTA, JOSE ATILIO",,NO,
OSVALDO OTTURI,"OTTURI, OSVALDO",,NO,
ALBERTO DANIEL MAGLIULO,"MAGLIULO, DANIEL ALBERTO",,NO,
DANIEL MOLL,"MOLL, DANIEL",,NO,
ANTONIO SIMONELLI,"SIMONELLI, ANTONIO",,NO,
RODOLFO SANTIAGO TASSANO,"TASSANO, RODOLFO SANTIAGO",,NO,
EVELIO PEDRO TAYES,"TAYES, PEDRO EVELIO",,NO,
CARLOS ERNESTO URE,"URE, CARLOS ERNESTO",,NO,
DENTE HUGO LUIS,"DENTE, HUGO LUIS",,NO,
CASTRO JOSE MANUEL,"CASTRO, JOSE MANUEL",,NO,
ABEL MADEIRA,"MADEIRA, ABEL",,NO,
ALBERTO OLMO,"OLMO, ALBERTO",,NO,
AVELLA EDUARDO,"AVELLA, EDUARDO",,NO,
MIGUEL PAPPACENA RUBEN,"PAPPACENA, RUBEN MIGUEL",,NO,
CARLOS DOGODA JORGE,"DOGODA, JORGE CARLOS",,NO,
ANGEL OSVALDO POMBO,"PÖMBO, OSVALDO ANGEL",,NO,
JUAN NAVARRO ROBERTO,"NAVARRO, ROBERTO JUAN",,NO,
FRANCISCO ORCOYEN,"ORCOYEN, FRANCISCO",,NO,
CARMELO PERRONE RAFAEL,"PERRONE, RAFAEL CARMELO",,NO,
GONZALEZ LUIS PEREIRA,"GONZALEZ PEREIRA, LUIS",,NO,
LUIS NOVELLINO RAMON,"NOVELLINO, LUIS RAMON",,NO,
ANTONIO DE JOSE NIGRIS,"DE NIGRIS, JOSE ANTONIO",,NO,
ANTONIO JESUS LAPADULA,"LAPADULA, JESUS ANTONIO",,NO,
BARRATO CARMELO LUIS,"BARRATO, CARMELO LUIS",,NO,
ARGENTINO COBEAGA HORACIO,"COBEAGA, HORACIO ARGENTINO",,NO,
GREGORIO GRINBERG,"GRINBERG, GREGORIO",,NO,
DEL GROSSO NICOLAS PASCUAL,"DEL GROSSO, PASCUAL NICOLAS",,NO,
FERUGLIO PEDRO,"FERUGLIO, PEDRO",,NO,
ALDO VICENZI,"VICENZI, ALDO",,NO,
CAINZOS ORLANDO,"CAINZOS, ORLANDO",,NO,
ANTONIO GARCIA MANUEL,"GARCIA, MANUEL ANTONIO",,NO,
CARLOS GARCIA SIMON,"GARCIA, CARLOS SIMON",,NO,
ALBERTO CARLOS VAQUEIRO,"VAQUEIRO, CARLOS ALBERTO",,NO,
GERETTO OSVALDO,"GERETTO, OSVALDO",,NO,
ENRIQUE IANNI RICARDO,"IANNI, RICARDO ENRIQUE",,NO,
ALFONSO FRAGUIO JOSE,"FRAGUIO, ALFONSO JOSE",,NO,
ALBERTO BENTIVENGA JORGE,"BENTIVENGA, JORGE ALBERTO",,NO,
LAPADULA VICENTE,"LAPADULA, VICENTE",,NO,
ALBERTO BOUZAS CAMILO,"BOUZAS, CAMILO ALBERTO",,NO,
DE E HERNANDO M MOSQUEIRA,"""HERNANDO DE MOSQUEIRA, E. M""",,NO,
ABELARDO MACHUCA TOMAS,"MACHUCA, ABELARDO TOMAS",,NO,
ALBERTO ANTONIO CASCARDO,"CASCARDO, ANTONIO ALBERTO",,NO,
IANELLI OSVALDO RUBEN,"IANELLI, RUBEN OSVALDO",,NO,
ERNESTO FRANCISCO ROMEO,"ROMEO, FRANCISCO ERNESTO",,NO,
BRUNO CAMPOROTONDO ITALO,"CAMPOROTONDO, ITALO BRUNO",,NO,
BLANCO HECTOR,"BLANCO, HECTOR",,NO,
GUILLERMO RAPOSO,"RAPOSO, GUILLERMO",,NO,
CARLOS NIETO RAUL,"NIETO, CARLOS RAUL",,NO,
CUCELI MIGUEL NATALIO,"CUCELI, NATALIO MIGUEL",,NO,
ANGEL NICOLAS REAL,"REAL, NICOLAS ANGEL",,NO,
AGUSTI ISER OSCAR,"AGUSTI, OSCAR ISER",,NO,
BONOMO JORGE ROQUE,"BONOMO, JORGE ROQUE",,NO,
BALDIZZONE DE DONATO O Z,"""BALDIZZONE DE DONATO, O. Z""",,NO,
DOLCE ROBERTO,"DOLCE, ROBERTO",,NO,
DIAZ OMAR SIXTO,"DIAZ, OMAR SIXTO",,NO,
ALBERTO BRUNO,"BRUNO, ALBERTO",,NO,
HECTOR LOSINO OSVALDO,"LOSINO, HECTOR OSVALDO",,NO,
ANTONIO SALVADOR SOLUCIO,"SOLUCIO, ANTONIO SALVADOR",,NO,
MARCOS OSCAR,"MARCOS, OSCAR",,NO,
BENEDETTO DI GENARO,"DI BENEDETTO, GENARO",,NO,
ALBERTO DE LUCA LUIS,"DE LUCA, ALBERTO LUIS",,NO,
MASCI OMAR,"MASCI, OMAR",,NO,
ALBERTO JOSE VANZINI,"VANZINI, JOSE ALBERTO",,NO,
FIURATTI OMAR,"FIURATTI, OMAR",,NO,
ALBERTO ANTONIO PAGANO,"PAGANO, ANTONIO ALBERTO",,NO,
IUDICA JORGE ROBERTO,"IUDICA, JORGE ROBERTO",,NO,
BERNARDO TOMAS,"TOMAS, BERNARDO",,NO,
JORGE LEOZ NESTOR,"LEOZ, NESTOR JORGE",,NO,
CELSO GARCIA REY,"REY, CELSO GARCIA",,NO,
DI HECTOR SALVI,"DI SALVI, HECTOR",,NO,
ARTURO BLASI ROBERTO,"BLASI, ARTURO ROBERTO",,NO,
JOSE MADEIRA,"MADEIRA, JOSE",,NO,
EDUARDO JORGE LAPADULA,"LAPADULA, EDUARDO JORGE",,NO,
ANIBAL COSTANZO ROGELIO,"COSTANZO, ROGELIO ANIBAL",,NO,
PELLIZER ROBERTO,"PELLIZER, ROBERTO",,NO,
ALFREDO CASCARDO SANTOS,"SANTOS CASCARDO, ALFREDO",,NO,
DANIEL HECTOR SIMONELLI,"SIMONELLI, HECTOR DANIEL",,NO,
ALFREDO CARBALLO,"CARBALLO, ALFREDO",,NO,
ARMANDO FERNANDEZ IBER,"FERNANDEZ, ARMANDO IBER",,NO,
ALBERTI HUGO SANTIAGO,"ALBERTI, HUGO SANTIAGO",,NO,
HOMERO SOCASTRO,"SOCASTRO, HOMERO",,NO,
BERMEJO TOMAS,"BERMEJO, TOMAS",,NO,
DONATO NESTOR OMAR,"DONATO, NESTOR OMAR",,NO,
ANTONIO PASSARINI,"PASSARINI, ANTONIO",,NO,
AGUILERA OSCAR RUBEN,"AGUILERA, RUBEN OSCAR",,NO,
PASCUAL PUNTORIERO,"PUNTORIERO, PASCUAL",,NO,
ANTONIO FARAGASSO JORGE,"FARAGASSO, JORGE ANTONIO",,NO,
ANTONIO DOSDOGRAYAN,"DOSDOGRAYAN, ANTONIO",,NO,
BRUNO CONTE DE ELSA,"CONTE DE BRUNO, ELSA",,NO,
FERRANTE JOSE JUAN,"FERRANTE, JUAN JOSE",,NO,
BARBARO ELIAS,"BARBARO, ELIAS",,NO,
JUAN PATRIKIADIS,"PATRIKIADIS, JUAN",,NO,
ANTONIO PACENZA,"PACENZA, ANTONIO",,NO,
COSCARELLI HORACIO,"COSCARELLI, HORACIO",,NO,
ALFREDO FREGA,"FREGA, ALFREDO",,NO,
FRANCISCO JOSE VIETRI,"VIETRI, JOSE FRANCISCO",,NO,
FRANCISCO SPAMPINATO,"SPAMPINATO, FRANCISCO",,NO,
ANGELICA BEATRIZ DE GUERRA NIETO,"GUERRA DE NIETO, ANGELICA BEATRIZ",,NO,
FELIX OLIVERA,"OLIVERA, FELIX",,NO,
DOMINGO PALADINO,"PALADINO, DOMINGO",,NO,
SANTIAGO STAROPOLI,"STAROPOLI, SANTIAGO",,NO,
GUILLERMO OSCAR ROMANO,"ROMANO, OSCAR GUILLERMO",,NO,
ALESSANDRO CARLOS D,"D'ALESSANDRO, CARLOS",,NO,
ALIVERTI BUGALLO CARLOS JUAN,"ALIVERTI BUGALLO, JUAN CARLOS",,NO,
JOSE MONTES,"MONTES, JOSE",,NO,
CARLOS SACAAN,"SACAAN, CARLOS",,NO,
OSVALDO STANCATO,"STANCATO, OSVALDO",,NO,
GARCIA OMAR,"GARCIA, OMAR",,NO,
FLORENCIO PEREYRA,"PEREYRA, FLORENCIO",,NO,
MARCELO PACIFICO,"PACIFICO, MARCELO",,NO,
FERNANDO GALINO,"GALIÑO, FERNANDO",,NO,
COLONNO HECTOR,"COLONNO, HECTOR",,NO,
BALDICH DE FERNANDO,"DE BALDICH, FERNANDO",,NO,
LAMMENS NESTOR,"LAMMENS, NESTOR",,NO,
ABDO CARLOS,"ABDO, CARLOS",,NO,
ALBANESI PABLO,"ALBANESI, PABLO",,NO,
ALVAREZ JOSE M,"ALVAREZ, JOSE M",,NO,
AMAT JAVIER,"AMAT, JAVIER",,NO,
AMBROSIO ROBERTO,"AMBROSIO, ROBERTO",,NO,
AMESPIL PATRICIO,"AMESPIL, PATRICIO",,NO,
ANDRADE MARIANO,"ANDRADE, MARIANO",,NO,
ARGENTO ERNESTO,"ARGENTO, ERNESTO",,NO,
BAGLIERO HERNAN,"BAGLIERO, HERNAN",,NO,
BALBOA CARLOS,"BALBOA, CARLOS",,NO,
BECERRA ROBERTO,"BECERRA, ROBERTO",,NO,
BELATTI FABIO,"BELATTI, FABIO",,NO,
BELLANI EDGARDO RICARDO,"BELLANI, EDGARDO RICARDO",,NO,
AMANDA BERNARDEZ,"BERNARDEZ, AMANDA",,NO,
ADOLFO BOITE,"BOITE, ADOLFO",,NO,
BONIFACE MARIANO,"BONIFACE, MARIANO",,NO,
BONIFACE MATIAS,"BONIFACE, MATIAS",,NO,
BOUZON GUSTAVO,"BOUZON, GUSTAVO",,NO,
BRIENZA MARTIN,"BRIENZA, MARTIN",,NO,
ANDRES BRIOULI,"BRIOULI, ANDRES",,NO,
ARMANDO BRITOS LUIS,"BRITOS, ARMANDO LUIS",,NO,
CABRERA LILIANA,"CABRERA, LILIANA",,NO,
BRUNO CALABRIA,"CALABRIA, BRUNO",,NO,
CAMBAS PATRICIA,"CAMBAS, PATRICIA",,NO,
CAMPOS FERNANDO SALVA,"CAMPOS SALVA, FERNANDO",,NO,
CASTEX FRANCISCO,"CASTEX, FRANCISCO",,NO,
ALEJANDRO CENTENARO MARTIN,"CENTENARO, MARTIN ALEJANDRO",,NO,
BIALO CHERQUIS ERNESTO,"CHERQUIS BIALO, ERNESTO",,NO,
CHIAPETTA MARIANO,"CHIAPETTA, MARIANO",,NO,
AGUSTIN CIORCIARI,"CIORCIARI, AGUSTIN",,NO,
CIVILE DIEGO,"CIVILE, DIEGO",,NO,
COELLO KARINA,"COELLO, KARINA",,NO,
ALEJANDRA COSOLI MARIA,"COSOLI, MARIA ALEJANDRA",,NO,
ARIEL CROCITTA,"CROCITTA, ARIEL",,NO,
CULTRARO GUSTAVO,"CULTRARO, GUSTAVO",,NO,
AMBROSIO D HECTOR,"D'AMBROSIO, HECTOR",,NO,
AMBROSIO ARIEL D LEANDRO,"D'AMBROSIO, LEANDRO ARIEL",,NO,
AMBROSIO D SOL,"D'AMBROSIO, SOL",,NO,
DESTEFANO MARIANA,"DESTEFANO, MARIANA",,NO,
DI GUSTAVO LORENZO,"DI LORENZO, GUSTAVO",,NO,
CLAUDIO DI MEGLIO,"DI MEGLIO, CLAUDIO",,NO,
CHRISTIAN DI PIERTO,"DI PIERTO, CHRISTIAN",,NO,
DIANDA MARTIN,"DIANDA, MARTIN",,NO,
DIAZ GUSTAVO,"DIAZ, GUSTAVO",,NO,
DIAZ OMAR,"DIAZ, OMAR",,NO,
DIP DOMINGUEZ SEBASTIAN,"DOMINGUEZ DIP, SEBASTIAN",,NO,
EDI ROBERTO,"EDI, ROBERTO",,NO,
ESPINOSA MARIANO,"ESPINOSA, MARIANO",,NO,
ALBERTO FELIPPE RAUL,"FELIPPE, RAUL ALBERTO",,NO,
FERNANDEZ GONZALO LANDRO,"FERNANDEZ LANDRO, GONZALO",,NO,
FERNANDEZ MENTASTI PABLO,"FERNANDEZ MENTASTI, PABLO",,NO,
FERNANDEZ JUAN MANUEL,"FERNANDEZ, JUAN MANUEL",,NO,
ALBERTO FRASCHIA JORGE,"FRASCHIA, JORGE ALBERTO",,NO,
GAGO MARCELO,"GAGO, MARCELO",,NO,
FERNANDO GARAY SEQUEIRA,"GARAY SEQUEIRA, FERNANDO",,NO,
GARCIA JAVIER,"GARCIA, JAVIER",,NO,
GARCILAZO MARTIN,"GARCILAZO, MARTIN",,NO,
GARCILAZO PABLO,"GARCILAZO, PABLO",,NO,
GEBHARDT MARCELO,"GEBHARDT, MARCELO",,NO,
GIACOVINO MARIANO,"GIACOVINO, MARIANO",,NO,
GIGLIO ROLANDO,"GIGLIO, ROLANDO",,NO,
GIULIBONI JORGE,"GIULIBONI, JORGE",,NO,
GOMEZ WALTER,"GOMEZ, WALTER",,NO,
CHRISTIAN GONZALEZ,"GONZALEZ, CHRISTIAN",,NO,
CECILIA GROTTOLA MARIA,"GROTTOLA, MARIA CECILIA",,NO,
GASTON GUFFANTI LUCAS,"GUFFANTI, GASTON LUCAS",,NO,
FEDERICO HALLE,"HALLE, FEDERICO",,NO,
INCERA LUIS,"INCERA, LUIS",,NO,
IGNACIO JIMENEZ,"JIMENEZ, IGNACIO",,NO,
JUAREZ OSVALDO,"JUAREZ, OSVALDO",,NO,
JUNCAL MARTIN SEBASTIAN,"JUNCAL, SEBASTIAN MARTIN",,NO,
FABIAN KRUNFLI,"KRUNFLI, FABIAN",,NO,
LAPELOSA PABLO,"LAPELOSA, PABLO",,NO,
DANIEL LARRONA VICENTE,"LARRONA, DANIEL VICENTE",,NO,
DARIO LASCHERA,"LASCHERA, DARIO",,NO,
JORGE LAURINO,"LAURINO, JORGE",,NO,
LAURO RAFAEL,"LAURO, RAFAEL",,NO,
ESTEFANIA LAVIERI,"LAVIERI, ESTEFANIA",,NO,
ALAN LENCE,"LENCE, ALAN",,NO,
ANIBAL HORACIO LETITO,"LETITO, HORACIO ANIBAL",,NO,
ANDREA LO VOTRICO,"LO VOTRICO, ANDREA",,NO,
LOZA MARCELO,"LOZA, MARCELO",,NO,
MACAZAGA MARTIN,"MACAZAGA, MARTIN",,NO,
CLAUDIO MALATESTA,"MALATESTA, CLAUDIO",,NO,
MANDRI RUBEN,"MANDRI, RUBEN",,NO,
ANGEL LUIS MARTINEZ,"MARTINEZ, LUIS ANGEL",,NO,
HECTOR MATANZO,"MATANZO, HECTOR",,NO,
HECTOR MARIO MATANZO,"MATANZO, HECTOR MARIO",,NO,
ANGEL HECTOR MAZZENA,"MAZZENA, HECTOR ANGEL",,NO,
EDUARDO MEDINA,"MEDINA, EDUARDO",,NO,
MENDEZ RUBEN,"MENDEZ, RUBEN",,NO,
ADRIANO MANUEL MIRANDA,"MIRANDA, ADRIANO MANUEL",,NO,
JOSE MIRANDA,"MIRANDA, JOSE",,NO,
GABRIEL MOLINA,"MOLINA, GABRIEL",,NO,
MOLINA SABRINA,"MOLINA, SABRINA",,NO,
MONNER RAMIRO SANS,"MONNER SANS, RAMIRO",,NO,
ALEJANDRO MOREIRA OSCAR,"MOREIRA, ALEJANDRO OSCAR",,NO,
MARTINA NOAILLES,"NOAILLES, MARTINA",,NO,
OJAGANI RUBEN,"OJAGANI, RUBEN",,NO,
DANIELA OLIVETTO,"OLIVETTO, DANIELA",,NO,
MAURO PAGANO,"PAGANO, MAURO",,NO,
PERAL RODOLFO,"PERAL, RODOLFO",,NO,
PERRONI ROBERTO,"PERRONI, ROBERTO",,NO,
LEANDRO PESSANO,"PESSANO, LEANDRO",,NO,
EDUARDO LUIS PESSOLANO,"PESSOLANO, LUIS EDUARDO",,NO,
EUGENIO RAMADE,"RAMADE, EUGENIO",,NO,
GERMAN RAMIREZ,"RAMIREZ, GERMAN",,NO,
ALICIA RILO,"RILO, ALICIA",,NO,
JAVIER RINALDI,"RINALDI, JAVIER",,NO,
FERNANDO RIVA ZUCHELLI,"RIVA ZUCHELLI, FERNANDO",,NO,
GUSTAVO RODRIGUEZ,"RODRIGUEZ, GUSTAVO",,NO,
FERNANDO JORGE ROMANO,"ROMANO, JORGE FERNANDO",,NO,
OSCAR ROMERO,"ROMERO, OSCAR",,NO,
CARLA ROSAS SABRINA,"ROSAS, SABRINA CARLA",,NO,
HECTOR MIGUEL RUIZ,"RUIZ, HECTOR MIGUEL",,NO,
EDUARDO HUGO RUIZ,"RUIZ, HUGO EDUARDO",,NO,
EDUARDO JOSE RUSSO,"RUSSO, JOSE EDUARDO",,NO,
MARTIN NICOLAS SAN,"SAN MARTIN, NICOLAS",,NO,
ITUARTE JULIO RAFAEL SANCHEZ,"SANCHEZ ITUARTE, JULIO RAFAEL",,NO,
CARLOS SANCHEZ,"SANCHEZ, CARLOS",,NO,
RAUL SANCHEZ,"SANCHEZ, RAUL",,NO,
HORACIO SANTISO,"SANTISO, HORACIO",,NO,
RICARDO SARINELLI,"SARINELLI, RICARDO",,NO,
FABIAN SCHWAN,"SCHWAN, FABIAN",,NO,
DANIEL SEDE,"SEDE, DANIEL",,NO,
DAMASO SIERRA,"SIERRA, DAMASO",,NO,
GABRIEL SODANO,"SODANO, GABRIEL",,NO,
FABIAN SOLLA,"SOLLA, FABIAN",,NO,
DANIEL SPINELLI,"SPINELLI, DANIEL",,NO,
DANIEL STASEVICH,"STASEVICH, DANIEL",,NO,
GUSTAVO SUAREZ,"SUAREZ, GUSTAVO",,NO,
JAVIER TERNS,"TERNS, JAVIER",,NO,
DARIO TORREGROSA,"TORREGROSA, DARIO",,NO,
ADRIAN TRIPODI,"TRIPODI, ADRIAN",,NO,
ANTONIO JOSE VAZQUEZ,"VAZQUEZ, JOSE ANTONIO",,NO,
ALBAMONTE FRANCISCO VOZZA,"VOZZA ALBAMONTE, FRANCISCO",,NO,
CARLOS GARCIA,"GARCIA, CARLOS",,NO,
ABDALA HECTOR,"ABDALA, HECTOR",,NO,
ACEVEDO MABEL,"ACEVEDO, MABEL",,NO,
ALFANO DAMIAN,"ALFANO, DAMIAN",,NO,
ALLARIA GERARDO,"ALLARIA, GERARDO",,NO,
ANGIO RICARDO,"ANGIO, RICARDO",,NO,
APUZZO VALERIA,"APUZZO, VALERIA",,NO,
ARCOGLIANO NICOLAS,"ARCOGLIANO, NICOLAS",,NO,
ARRIETA MARCOS,"ARRIETA, MARCOS",,NO,
AYUDE KARINA,"AYUDE, KARINA",,NO,
BALASINI LEANDRO,"BALASINI, LEANDRO",,NO,
BARBALACE BRIAN,"BARBALACE, BRIAN",,NO,
BARROS NICOLAS,"BARROS, NICOLAS",,NO,
BATTIPAGLIA LEANDRO,"BATTIPAGLIA, LEANDRO",,NO,
BERGERO PABLO,"BERGERO, PABLO",,NO,
BERTULIO CESAR JULIO,"BERTULIO, JULIO CESAR",,NO,
BEVACQUA DANIEL,"BEVACQUA, DANIEL",,NO,
BOCCHI DULIO,"BOCCHI, DULIO",,NO,
ARIEL BONINA,"BONINA, ARIEL",,NO,
BORGHETTI IGNACIO,"BORGHETTI, IGNACIO",,NO,
BOUZON NATALIA,"BOUZON, NATALIA",,NO,
BRAVO VALENTIN,"BRAVO, VALENTIN",,NO,
BRITOS DIEGO EZEQUIEL,"BRITOS, DIEGO EZEQUIEL",,NO,
BRIUOLI HERNAN,"BRIUOLI, HERNAN",,NO,
BUSTOS GLADYS,"BUSTOS, GLADYS",,NO,
CALEGARI ENRIQUE,"CALEGARI, ENRIQUE",,NO,
CAMBAS LUCAS,"CAMBAS, LUCAS",,NO,
CAMPOS ROMINA,"CAMPOS, ROMINA",,NO,
CANDI DANIEL,"CANDI, DANIEL",,NO,
CARDOZO ROSANA,"CARDOZO, ROSANA",,NO,
CAMILA CARESTIA COLQUE,"CARESTIA COLQUE, CAMILA",,NO,
CARRIZO JORGE,"CARRIZO, JORGE",,NO,
2 CARLOS CASAS JUAN,"CASAS, JUAN CARLOS (2)",,NO,
CATERA DANIEL,"CATERA, DANIEL",,NO,
CENTURION LEANDRO LEZCANO,"CENTURION LEZCANO, LEANDRO",,NO,
BELEN CENTURION LEZCANO M,"CENTURION LEZCANO, M BELEN",,NO,
CERMINARA RODOLFO,"CERMINARA, RODOLFO",,NO,
CERVETTO GRACIELA,"CERVETTO, GRACIELA",,NO,
CIBIERA JAVIER,"CIBIERA, JAVIER",,NO,
CISNEROS WALTER,"CISNEROS, WALTER",,NO,
CIVIT MARTIN,"CIVIT, MARTIN",,NO,
CLAUT NATALI,"CLAUT, NATALI",,NO,
COLMAN DARIO,"COLMAN, DARIO",,NO,
COLOMBO NANCY,"COLOMBO, NANCY",,NO,
COLONNO GONZALO,"COLONNO, GONZALO",,NO,
BELEN CONTE MARIA,"CONTE, MARIA BELEN",,NO,
CORIA FEDERICO LUIS,"CORIA, LUIS FEDERICO",,NO,
CORIGLIANO DOMINGO,"CORIGLIANO, DOMINGO",,NO,
ARIEL COUSO,"COUSO, ARIEL",,NO,
CUBERLI DIEGO,"CUBERLI, DIEGO",,NO,
CUCELI MALVINA,"CUCELI, MALVINA",,NO,
AMBROSIO D MARCELO,"D'AMBROSIO, MARCELO",,NO,
DANIELE MARTIN,"DANIELE, MARTIN",,NO,
ARMANDO DARAKDJIAN,"ARMANDO, DARAKDJIAN.",,NO,
DE MARCO MICAELA,"DE MARCO, MICAELA",,NO,
CARLOS DE MATTEO,"DE MATTEO, CARLOS",,NO,
DE JOSE LEONARDO SAMPEDRO,"DE SAMPEDRO, LEONARDO JOSE",,NO,
DE LEONARDO MANUEL SAMPEDRO,"DE SAMPEDRO, MANUEL LEONARDO",,NO,
DE FERNANDO VITO,"DE VITO, FERNANDO",,NO,
DEL GABRIEL GROSSO,"DEL GROSSO, GABRIEL",,NO,
ALEJANDRA DELGADO MARIA,"DELGADO, MARIA ALEJANDRA",,NO,
DI LORENZO SILVESTRO,"DI SILVESTRO, LORENZO",,NO,
COCO DIAZ FLORENCIA MARIA,"DIAZ COCO, MARIA FLORENCIA",,NO,
AZUL DIAZ MARIA,"DIAZ, MARIA AZUL",,NO,
DODERO FRANCO,"DODERO, FRANCO",,NO,
ADRIAN DOMINGUEZ SERGIO,"DOMINGUEZ, SERGIO ADRIAN",,NO,
CESAR ESCOBAR JULIO,"ESCOBAR, JULIO CESAR",,NO,
CONRADO DIEGO ESTEVEZ,"ESTEVEZ, DIEGO CONRADO",,NO,
ESTRUCH GUILLERMO,"ESTRUCH, GUILLERMO",,NO,
DANIEL FALABELLA,"FALABELLA, DANIEL",,NO,
EMMANUEL FARINA,"FARINA, EMMANUEL",,NO,
FARRE JUAN PABLO,"FARRE, JUAN PABLO",,NO,
DIEGO ELBIO FERNANDEZ,"FERNANDEZ, DIEGO ELBIO",,NO,
FERNANDEZ FLORENCIA MARIA,"FERNANDEZ, MARIA FLORENCIA",,NO,
AGOSTINA FERRANTE,"FERRANTE, AGOSTINA",,NO,
FIGUEIRA PATRICIA,"FIGUEIRA, PATRICIA",,NO,
CLAUDIA FIGUEROA,"FIGUEROA, CLAUDIA",,NO,
FIONDA ROMINA,"FIONDA, ROMINA",,NO,
FIURATTI LUIS,"FIURATTI, LUIS",,NO,
ANTONIO FLIPPETTI JORGE,"FLIPPETTI, JORGE ANTONIO",,NO,
FONTANELLA VANESA,"FONTANELLA, VANESA",,NO,
EDUARDO FORNERO,"FORNERO, EDUARDO",,NO,
FIORELLA FULLE,"FULLE, FIORELLA",,NO,
DANIEL GALLEGO,"GALLEGO, DANIEL",,NO,
GAMALLO GONZALO,"GAMALLO, GONZALO",,NO,
GAMALLO LEANDRO,"GAMALLO, LEANDRO",,NO,
ANTONIO CARLOS GARAVAGLIA,"GARAVAGLIA, CARLOS ANTONIO",,NO,
CASERTA GARCIA JOSE,"GARCIA CASERTA, JOSE",,NO,
ARTURO GARCIA ORESTE,"GARCIA, ARTURO ORESTE",,NO,
GARCIA MATIAS MIGUEL,"GARCIA, MATIAS MIGUEL",,NO,
GAZZA SEBASTIAN,"GAZZA, SEBASTIAN",,NO,
CARLOS GENOESE OSVALDO,"GENOESE, CARLOS OSVALDO",,NO,
FERNANDO GIANNONI,"GIANNONI, FERNANDO",,NO,
ALICIA GIGENA,"GIGENA, ALICIA",,NO,
GORENSTEIN MARTIN,"GORENSTEIN, MARTIN",,NO,
GRISOLIA SEBASTIAN,"GRISOLIA, SEBASTIAN",,NO,
GRONDONA JULIETA,"GRONDONA, JULIETA",,NO,
GUTIERREZ SEBASTIAN,"GUTIERREZ, SEBASTIAN",,NO,
BALDASARE DE GUZMAN MONICA,"GUZMAN DE BALDASARE, MONICA",,NO,
HERMO WALTER,"HERMO, WALTER",,NO,
ALBERTO FERNANDO HERNANDEZ,"HERNANDEZ, FERNANDO ALBERTO",,NO,
HERRERO MARIA,"HERRERO, MARIA",,NO,
DAMIAN IERACI LEONARDO,"IERACI, DAMIAN LEONARDO",,NO,
IRACHETA JUAN,"IRACHETA, JUAN",,NO,
ISNARDI MAURO,"ISNARDI, MAURO",,NO,
EMILIANO LANDESMAN,"LANDESMAN, EMILIANO",,NO,
GUSTAVO LANZIANO,"LANZIANO, GUSTAVO",,NO,
LATTANZI SILVIA,"LATTANZI, SILVIA",,NO,
GUILLERMO LAVEGLIA,"LAVEGLIA, GUILLERMO",,NO,
ERNESTO LAVIERI,"LAVIERI, ERNESTO",,NO,
ALAN LIROSI,"LIROSI, ALAN",,NO,
FEDERICO LIVORA,"LIVORA, FEDERICO",,NO,
EDUARDO LOIS,"LOIS, EDUARDO",,NO,
GRACIANO LOPEZ MARIA,"LOPEZ GRACIANO, MARIA",,NO,
BELKIS MACIEL NELIDA,"MACIEL, BELKIS NELIDA",,NO,
CARLOS MANGIAROTTI,"MANGIAROTTI, CARLOS",,NO,
ANDRES HORACIO MANGONE,"MANGONE, ANDRES HORACIO",,NO,
GASTON MANOLI,"MANOLI, GASTON",,NO,
DANIEL MANZANO,"MANZANO, DANIEL",,NO,
MARCHESE NESTOR,"MARCHESE, NESTOR",,NO,
IMAZ MARIANI ULISES,"MARIANI IMAZ, ULISES",,NO,
DANISA MARINOVICH,"MARINOVICH, DANISA",,NO,
HERNAN MARRO,"MARRO, HERNAN",,NO,
DOMINGO HORACIO MARTIN,"MARTIN, HORACIO DOMINGO",,NO,
AGUSTIN ANTES MARTINEZ,"MARTINEZ ANTES, AGUSTIN",,NO,
CARLOS MAYOCHI,"MAYOCHI, CARLOS",,NO,
MATIAS MERCADAL,"MERCADAL, MATIAS",,NO,
MERCADO RODRIGO,"MERCADO, RODRIGO",,NO,
GIULIANO MICELI,"MICELI, GIULIANO",,NO,
LUCIANA MICELI,"MICELI, LUCIANA",,NO,
ALBERTO JOSE MIDDONO,"MIDDONO, JOSE ALBERTO",,NO,
CARLOS MILBERG,"MILBERG, CARLOS",,NO,
JAVIER MILBERG,"MILBERG, JAVIER",,NO,
LUCAS MOLA SALVADOR,"MOLA, LUCAS SALVADOR",,NO,
LUCA MOREL,"MOREL, LUCA",,NO,
BRIAN MULET,"MULET, BRIAN",,NO,
HERNAN MUNDO,"MUNDO, HERNAN",,NO,
NANTON SUSANA,"NANTON, SUSANA",,NO,
FLAVIO NESSI REYNALDO,"NESSI, FLAVIO REYNALDO",,NO,
FELIX IVAN NORDENSTROM,"NORDENSTROM, IVAN FELIX",,NO,
JULIA NORIEGA,"NORIEGA, JULIA",,NO,
ADRIANA NOVAIS VICTORIA,"NOVAIS, ADRIANA VICTORIA",,NO,
MANUEL NUNEZ,"NUÑEZ, MANUEL",,NO,
ORCIUOLI TOBIAS,"ORCIUOLI, TOBIAS",,NO,
GUILLERMO OSHIRO,"OSHIRO, GUILLERMO",,NO,
EDUARDO OVIEDO,"OVIEDO, EDUARDO",,NO,
CLAUS GUIDO PALADINO,"PALADINO CLAUS, GUIDO",,NO,
NORBERTO PALISI,"PALISI, NORBERTO",,NO,
EXEQUIEL PALLARES,"PALLARES, EXEQUIEL",,NO,
CARBALLO ERIKA PALOU,"PALOU CARBALLO, ERIKA",,NO,
EDUARDO PANDELO,"PANDELO, EDUARDO",,NO,
CLAUDIO PANDO ROBERTO,"PANDO, CLAUDIO ROBERTO",,NO,
PARENGO SERGIO,"PARENGO, SERGIO",,NO,
NICOLAS PAZ POLITO,"PAZ POLITO, NICOLAS",,NO,
BRIAN JORGE PEDRA,"PEDRA, JORGE BRIAN",,NO,
AGUSTIN MATIAS PEREYRA,"PEREYRA, AGUSTIN MATIAS",,NO,
FLORENCIA PEREYRA,"PEREYRA, FLORENCIA",,NO,
HORACIO PEREZ RUBINO,"PEREZ RUBINO, HORACIO",,NO,
JUAN PERRONE,"PERRONE, JUAN",,NO,
DANIEL PISTOIA,"PISTOIA, DANIEL",,NO,
FEDERICO PISTOIA,"PISTOIA, FEDERICO",,NO,
JAVIER POUSTIS RUBEN,"POUSTIS, RUBEN JAVIER",,NO,
HECTOR PUJOL,"PUJOL, HECTOR",,NO,
MATIAS RAMIREZ,"RAMIREZ, MATIAS",,NO,
ALEJANDRO RASCOVAN,"RASCOVAN, ALEJANDRO",,NO,
GUILLERMO RIAL,"RIAL, GUILLERMO",,NO,
GONZALO RICCA,"RICCA, GONZALO",,NO,
ALDO RIOLFI,"RIOLFI, ALDO",,NO,
ROCCHIA ROQUE,"ROCCHIA, ROQUE",,NO,
ALBERTO CARLOS RODOGNO,"RODOGNO, CARLOS ALBERTO",,NO,
MARINA RODOGNO,"RODOGNO, MARINA",,NO,
ALEJANDRO MIGUEL RODRIGUEZ,"RODRIGUEZ, ALEJANDRO MIGUEL",,NO,
DAMIAN MARIANO RODRIGUEZ,"RODRIGUEZ, MARIANO DAMIAN",,NO,
MARTIN RODRIGUEZ,"RODRIGUEZ, MARTIN",,NO,
ARIEL GASTON ROMERO,"ROMERO, GASTON ARIEL",,NO,
MARIANO ROVATTI,"ROVATTI, MARIANO",,NO,
GONZALEZ MARIELA RUIZ,"RUIZ GONZALEZ, MARIELA",,NO,
DE DIEGO SAENZ TEJADA,"SAENZ DE TEJADA, DIEGO",,NO,
ANGEL SCHIAFFINO,"SCHIAFFINO, ANGEL",,NO,
EZEQUIEL MARCELO SCIGLIANO,"SCIGLIANO, MARCELO EZEQUIEL",,NO,
SEOANE SILVIA,"SEOANE, SILVIA",,NO,
OSVALDO SEPULVEDA,"SEPULVEDA, OSVALDO",,NO,
CRISTIAN SGRO,"SGRO, CRISTIAN",,NO,
CRISTIAN SGUT,"SGUT, CRISTIAN",,NO,
MARCOS SHEINKMAN,"SHEINKMAN, MARCOS",,NO,
MARCELO SHOKIDA,"SHOKIDA, MARCELO",,NO,
ALBERTO CARLOS SILVA,"SILVA, CARLOS ALBERTO",,NO,
ALICIA SIMONELLI,"SIMONELLI, ALICIA",,NO,
GABRIEL SINGH,"SINGH, GABRIEL",,NO,
ANDREA SOSA,"SOSA, ANDREA",,NO,
FEDERICO JOSE STASI,"STASI, FEDERICO JOSE",,NO,
ANGELES DE LOS MARIA SUAREZ,"SUAREZ, MARIA DE LOS ANGELES",,NO,
SABRINA SUAREZ,"SUAREZ, SABRINA",,NO,
FACUNDO TORRETA,"TORRETA, FACUNDO",,NO,
DOMINGO PEDRO VALLE,"VALLE, PEDRO DOMINGO",,NO,
ALEJANDRO VALLONE,"VALLONE, ALEJANDRO",,NO,
MARTIN VARAS,"VARAS, MARTIN",,NO,
ERNESTO VERA,"VERA, ERNESTO",,NO,
HECTOR JORGE VIDAL,"VIDAL, HECTOR JORGE",,NO,
RAMON VIDAL,"VIDAL, RAMON",,NO,
VERONICA VIGIL,"VIGIL, VERONICA",,NO,
GUILLERMO VISCARDI,"VISCARDI, GUILLERMO",,NO,
PATRICIO WALSH,"WALSH, PATRICIO",,NO,
FERNANDO ZARAUZA,"ZARAUZA, FERNANDO",,NO,
FRANCO ZARZA,"ZARZA, FRANCO",,NO,
HORACIO ZARZA,"ZARZA, HORACIO",,NO,
VICTORIA ZARZA,"ZARZA, VICTORIA",,NO,
NICOLAS ZUCCHET,"ZUCCHET, NICOLAS",,NO,
BALDIZZONE MARCELO,"BALDIZZONE, MARCELO",,NO,
BELLOTTI MARIO,"BELLOTTI, MARIO",,NO,
ALBERTO CAPALBO JULIO,"CAPALBO, JULIO ALBERTO",,NO,
CIVLIE DIEGO,"CIVLIE, DIEGO",,NO,
DAVERIO EVARISTO JUAN,"DAVERIO, JUAN EVARISTO",,NO,
DE JOSE LUCIANO VICTOR,"DE LUCIANO, VICTOR JOSE",,NO,
DE MIGUEL PEDRO,"DE MIGUEL, PEDRO",,NO,
CARLOS DELMORO JUAN,"DELMORO, JUAN CARLOS",,NO,
DIAZ GERARDO,"DIAZ, GERARDO",,NO,
AGUSTIN DIAZ MARIANO,"DIAZ, MARIANO AGUSTIN",,NO,
DODARO ERNESTO,"DODARO, ERNESTO",,NO,
ANDRES ELISSECHE,"ELISSECHE, ANDRES",,NO,
FELIPPE LEANDRO RAUL,"FELIPPE, LEANDRO RAUL",,NO,
FERRO MARCELO NICOLAS,"FERRO, NICOLAS MARCELO",,NO,
ALBERTO CARLOS FONTANA,"FONTANA, CARLOS ALBERTO",,NO,
FRAIMAN JORGE LUIS,"FRAIMAN, JORGE LUIS",,NO,
GARRIDO NOBERTO,"GARRIDO, NOBERTO",,NO,
GONZALEZ LUIS POO REINALDO,"GONZALEZ POO, REINALDO LUIS",,NO,
ELBA HERNANDO MARGARITA,"HERNANDO, ELBA MARGARITA",,NO,
DANIEL LARRAONA VICENTE,"LARRAONA, DANIEL VICENTE",,NO,
CARLOS EDUARDO MANGIAROTTI,"MANGIAROTTI, CARLOS EDUARDO",,NO,
CARLOS MANGIORATTI,"MANGIORATTI, CARLOS",,NO,
MARIANO MARTIN MERLO,"MERLO, MARIANO MARTIN",,NO,
MIGUEL MOSQUERA OSCAR,"MOSQUERA, OSCAR MIGUEL",,NO,
EDUARDO NOGUEIRA,"NOGUEIRA, EDUARDO",,NO,
ALEJANDRO JORGE NUNEZ,"NUÑEZ, JORGE ALEJANDRO",,NO,
HERMOSILLA MIRTHA PARODI,"PARODI HERMOSILLA, MIRTHA",,NO,
CORNEJO EDUARDO PAULUCCI,"PAULUCCI CORNEJO, EDUARDO",,NO,
ANGEL MIGUEL PEREZ,"PEREZ, MIGUEL ANGEL",,NO,
MARIANO PETRALLI,"PETRALLI, MARIANO",,NO,
HUGO PIPARUOLO,"PIPARUOLO, HUGO",,NO,
DANIEL OSVALDO PISERA,"PISERA, DANIEL OSVALDO",,NO,
MANUEL ROCCHIA ROQUE,"ROCCHIA, ROQUE MANUEL",,NO,
FRANCISCO RODI,"RODI, FRANCISCO",,NO,
GUSTAVO RAMON RODRIGUEZ,"RODRIGUEZ, GUSTAVO RAMON",,NO,
JORGE RODRIGUEZ,"RODRIGUEZ, JORGE",,NO,
HECTOR RICARDO SABOR,"SABOR, HECTOR RICARDO",,NO,
HILDA SAPONARE,"SAPONARE, HILDA",,NO,
MARCELO REINALDO SOLUCIO,"SOLUCIO, REINALDO MARCELO",,NO,
JOEL SONORA,"SOÑORA, JOEL",,NO,
DOMINGO TALLARICO,"TALLARICO, DOMINGO",,NO,
FRANCO TESTINO,"TESTINO, FRANCO",,NO,
CLAUDIO TOLOSA,"TOLOSA, CLAUDIO",,NO,
ANGEL MIGUEL TREGOB,"TREGOB, MIGUEL ANGEL",,NO,
RICARDO TROIANO,"TROIANO, RICARDO",,NO,
ARNOLDO DER VAN ZEE,"VAN DER ZEE, ARNOLDO",,NO,
EZEQUIEL LEANDRO VIDAL,"VIDAL, LEANDRO EZEQUIEL",,NO,
GLADYS VILLANUEVA,"VILLANUEVA, GLADYS",,NO,
MARCELO ZAIN,"ZAIN, MARCELO",,NO,
GRECO JOSE,"GRECO, JOSE",,NO,
DANIEL EDUARDO PATRISSO,"PATRISSO, DANIEL EDUARDO",,NO,